id,start_name,destination_name,start_coordinates,destination_coordinates,plan_length_1,plan_length_2,plan_length_3,average_plan_length
0,"McClellan Airfield (SACRAMENTO, CA)","Hotel Stockton (Stockton, CA)","[-121.401001, 38.667599]","[-121.28971446938776, 37.953891530612246]",19,24,25,22.666666666666668
1,"BRECKINRIDGE MEMORIAL HOSPITAL (HARDINSBURG, KY)","Ridgeway (Louisville, KY)","[-86.44039045, 37.76657014]","[-85.64796181454673, 38.26378435]",18,19,22,19.666666666666668
2,"Saenger Theatre (New Orleans, LA)","Charity Hospital of New Orleans (New Orleans, LA)","[-90.07257594727255, 29.95639325]","[-90.07819940427008, 29.9558596]",9,6,7,7.333333333333333
3,"Surrogate's Court (New York, NY)","ST JOHN'S EPISCOPAL HOSPITAL SOUTH SHORE (BETHPAGE, NY)","[-74.00448291111701, 40.7135665]","[-73.49674757, 40.74387447]",29,26,28,27.666666666666668
4,"CENTURA HEALTH-AVISTA ADVENTIST HOSPITAL (LOUISVILLE, CO)","EATING RECOVERY CENTER BEHAVIORAL HEALTH (DENVER, CO)","[-105.1517817, 39.95190922]","[-104.8943343, 39.72205278]",24,23,24,23.666666666666668
5,"SGT. JOHN L. LEVITOW VETERAN'S HEALTH CENTER (ROCKY HILL, CT)","Barlow, Boce W., Jr., House (Hartford, CT)","[-72.65651214, 41.65674059]","[-72.69730690059347, 41.7882127]",14,21,20,18.333333333333332
6,"Dobbin House (Gettysburg, PA)","Ellicott, Andrew, House (Lancaster, PA)","[-77.23271330171534, 39.82275735]","[-76.30799522655867, 40.04008415]",21,17,19,19.0
7,"MIDDLESEX HOSPITAL (MIDDLETOWN, CT)","MASONICARE HEALTH CENTER (WALLINGFORD, CT)","[-72.64756938, 41.55433726]","[-72.8362394, 41.46270592]",17,19,19,18.333333333333332
8,"Staples Inn (Old Orchard Beach, ME)","Parsons, Marion, House (Fryeburg, ME)","[-70.37794210000001, 43.5186845]","[-70.91662237076055, 44.120635755087335]",14,17,11,14.0
9,"Atlas Theatre (Cheyenne, WY)","VA MEDICAL CENTER - CHEYENNE (CHEYENNE, WY)","[-104.79981854750211, 41.13862745872613]","[-104.7855322, 41.14828213]",10,13,13,12.0
10,"House at 343 Park Avenue (Park City, UT)","South Valley Regional Airport (SALT LAKE CITY, UT)","[-111.49618103513473, 40.6424455]","[-111.992996, 40.619499]",21,24,27,24.0
11,"Temple Beth Israel (Portland, OR)","St. James Lutheran Church (Portland, OR)","[-122.69170999553783, 45.52595425]","[-122.68371458440902, 45.51559245]",13,10,11,11.333333333333334
12,"St. Ignatius College (Chicago, IL)","Tomek, F.F., House (Riverside, IL)","[-87.65307378176723, 41.867065]","[-87.81740009391797, 41.8324979]",12,14,9,11.666666666666666
13,"NORTH SHORE MEDICAL CENTER  - SALEM CAMPUS (SALEM, MA)","Day, Fred Holland, House (Norwood, MA)","[-70.9068, 42.5111]","[-71.20334080407284, 42.1930531]",36,44,46,42.0
14,"Liberty Hall (Frankfort, KY)","Oxmoor (Louisville, KY)","[-84.88145572678758, 38.199002530819214]","[-85.613514, 38.249339]",10,17,18,15.0
15,"Boyden High School (Salisbury, NC)","Waldensian Presbyterian Church (Valdese, NC)","[-80.4846287289516, 35.665857]","[-81.5791931158626, 35.74707833732831]",15,20,23,19.333333333333332
16,"LOCK HAVEN HOSPITAL (LOCK HAVEN, PA)","State College Regional Airport (STATE COLLEGE, PA)","[-77.47021159, 41.13159873]","[-77.84852, 40.849374]",28,13,16,19.0
17,"Guilford (Frederick, MD)","Rose Hill Manor (Frederick, MD)","[-77.41960442797894, 39.39557824679121]","[-77.40430942188273, 39.43419178977487]",4,8,10,7.333333333333333
18,"Giddings-Burnham House (Ipswich, MA)","Tufts, Peter, House (Medford, MA)","[-70.81030038629915, 42.665585978181824]","[-71.093445, 42.411392]",20,23,25,22.666666666666668
19,"Bellingham International Airport (BELLINGHAM, WA)","Roth, Lottie, Block (Bellingham, WA)","[-122.53800201416016, 48.79280090332031]","[-122.48840124489796, 48.755872775510205]",8,5,8,7.0
20,"ATHOL MEMORIAL HOSPITAL (ATHOL, MA)","LAHEY CLINIC MEDICAL CENTER (BURLINGTON, MA)","[-72.2089, 42.5855]","[-71.1989, 42.4883]",23,32,35,30.0
21,"Ward, Frank and Dorothy, House (Battle Creek, MI)","Paine Bank (Niles, MI)","[-85.21813211955103, 42.2872199339602]","[-86.24777095918368, 41.826812510204086]",13,14,13,13.333333333333334
22,"NORTHEAST REHABILITATION HOSPITAL (MANCHESTER, NH)","South Parish (Portsmouth, NH)","[-71.43763832, 42.9843252]","[-70.75755599362635, 43.0754038]",19,23,24,22.0
23,"Philtower (Tulsa, OK)","Hogue House (Chelsea, OK)","[-95.9886791, 36.1521759]","[-95.4318532955811, 36.53412976614554]",19,17,18,18.0
24,"Minneapolis–Saint Paul International Airport / Wold–Chamberlain Field (MINNEAPOLIS, MN)","Gideon, Peter, Farmhouse (Shorewood, MN)","[-93.221741, 44.880081]","[-93.59152240425531, 44.90368840425532]",11,19,18,16.0
25,"Skelly, William G., House (Tulsa, OK)","STILLWATER MEDICAL CENTER (STILLWATER, OK)","[-95.980447, 36.1332]","[-97.07510207, 36.1150111]",27,15,17,19.666666666666668
26,"F. W. HUSTON MEDICAL CENTER (WINCHESTER, KS)","Sauer Castle (Kansas City, KS)","[-95.27016568, 39.32589198]","[-94.69073472492576, 39.04671976134883]",17,13,16,15.333333333333334
27,"Post Adjutant's Office (Fort Gibson, OK)","Tulsa International Airport (TULSA, OK)","[-95.25106614362517, 35.80219124792078]","[-95.88809967041016, 36.19839859008789]",21,30,33,28.0
28,"ZAMBARANO MEMORIAL HOSPITAL (BURRILLVILLE, RI)","Beaman and Smith Company Mill (Providence, RI)","[-71.76246104, 41.99725365]","[-71.41620714285715, 41.80454953571429]",17,30,30,25.666666666666668
29,"International Mercantile Marine Company Building (New York, NY)","ST MARY'S HOSPITAL (TROY, NY)","[-73.94318631544854, 42.8114966]","[-73.67642397, 42.74272051]",19,24,17,20.0
30,"Ford Motor Plant (Louisville, KY)","Jefferson County Courthouse (Louisville, KY)","[-85.83309248738715, 38.23483615]","[-85.75943534677097, 38.25457605]",9,11,11,10.333333333333334
31,"Hamilton Hall (Salem, MA)","Davis, William Morris, House (Cambridge, MA)","[-70.89928161104149, 42.5194877]","[-71.15337363935541, 42.3743159]",23,29,32,28.0
32,"Weymouth Hall (Natchez, MS)","Manse, The (Natchez, MS)","[-91.395738, 31.573691]","[-91.40227803876076, 31.556321694281408]",7,7,8,7.333333333333333
33,"Oak Ridge Apartments (Evanston, IL)","Loeb, Ernest, House (Highland Park, IL)","[-87.6881282576849, 42.05093239653496]","[-87.78307487289175, 42.17947325]",18,10,13,13.666666666666666
34,"Tiffany and Company Building (New York, NY)","PUTNAM HOSPITAL CENTER (CARMEL, NY)","[-73.9832705, 40.7499362]","[-73.66297571, 41.38262712]",28,26,28,27.333333333333332
35,"Building at 10 Follen Street (Cambridge, MA)","Woodbury, Peter, House (Beverly, MA)","[-71.12194581457106, 42.3784081]","[-70.88894584380174, 42.5784566]",28,24,27,26.333333333333332
36,"Belcher-Ogden House (Elizabeth, NJ)","RIVERVIEW MEDICAL CENTER (RED BANK, NJ)","[-74.209055, 40.663197]","[-74.06384268, 40.35398181]",24,14,17,18.333333333333332
37,"TRI-CITY MEDICAL CENTER (OCEANSIDE, CA)","Fleming, Guy and Margaret, House (San Diego, CA)","[-117.2902673, 33.1856204]","[-117.2503477444431, 32.91845475884321]",10,14,15,13.0
38,"PRESENCE ST FRANCIS HOSPITAL (EVANSTON, IL)","South Shore Beach Apartments (Chicago, IL)","[-87.68456805, 42.02438934]","[-87.55951871913044, 41.7636519]",29,27,27,27.666666666666668
39,"ST VINCENT'S MEDICAL CENTER (BRIDGEPORT, CT)","Unitarian-Universalist Church (Stamford, CT)","[-73.20170224, 41.20104518]","[-73.53694782717794, 41.056989022941885]",22,18,16,18.666666666666668
40,"Wynne Post Office (Wynne, AR)","McClintock House (Marianna, AR)","[-90.78910753446618, 35.22397428848193]","[-90.76023777249068, 34.77527751308688]",10,13,16,13.0
41,"Ballantine, John, House (Newark, NJ)","Cleveland, Grover, Home (Princeton, NJ)","[-74.17140175757577, 40.742660666666666]","[-74.66747047894135, 40.3515874]",26,26,27,26.333333333333332
42,"Strand Theatre (Lakewood, NJ)","Clark, William, House (Newark, NJ)","[-74.21551376184553, 40.09425305]","[-74.17137683327935, 40.76376485308158]",34,31,35,33.333333333333336
43,"HASBRO CHILDRENS HOSPITAL (PROVIDENCE, RI)","Sprague, Gov. William, Mansion (Cranston, RI)","[-71.40890645, 41.81114989]","[-71.45634573779384, 41.790749000000005]",9,14,13,12.0
44,"Burlingame-Noon House (Cumberland, RI)","St. Stephen's Church (Providence, RI)","[-71.45699678947369, 41.975488]","[-71.40140997586096, 41.8256997]",14,11,13,12.666666666666666
45,"Minot, George R., House (Brookline, MA)","Abbot-Stinson House (Andover, MA)","[-71.1375056339526, 42.31798775]","[-71.12145866204054, 42.637385]",21,38,40,33.0
46,"Dallas Tannery (Dallas, OR)","Elsinore Theater (Salem, OR)","[-123.32003038779678, 44.925515199007485]","[-123.0372546, 44.9388985]",7,10,15,10.666666666666666
47,"Church of the Holy Communion and Buildings (New York, NY)","Dutchess County Airport (POUGHKEEPSIE, NY)","[-73.99370278815852, 40.74103465]","[-73.88420104980469, 41.6265983581543]",21,29,31,27.0
48,"Gresham (Edgewater, MD)","CLIFTON T PERKINS HOSPITAL CENTER (JESSUP, MD)","[-76.56188118875023, 38.93940036718369]","[-76.7953656, 39.13984869]",14,18,20,17.333333333333332
49,"Thornton, Matthew, House (Derry Village, NH)","Gay, Alpheus, House (Manchester, NH)","[-71.313079, 42.893896]","[-71.45667351550625, 42.99798715302487]",10,13,13,12.0
50,"Gillette, Francis, House (Bloomfield, CT)","Tyler, Solomon, House (Branford, CT)","[-72.7375546, 41.8140201]","[-72.78726006254425, 41.29249246853864]",25,22,23,23.333333333333332
51,"Scofield-Sanor House (Columbus, OH)","Rose, Capt. Levi, House (Granville, OH)","[-82.97334855102041, 39.9652832244898]","[-82.51917041281332, 40.07506651717278]",20,18,14,17.333333333333332
52,"VA EASTERN COLORADO HEALTHCARE SYSTEM (DENVER, CO)","Glen Eyrie (Colorado Springs, CO)","[-104.93622, 39.732221]","[-104.8743927572196, 38.88749563083911]",11,16,19,15.333333333333334
53,"ATLANTICARE REGIONAL MEDICAL CENTER (ATLANTIC CITY, NJ)","Millville Municipal Airport (MILLVILLE, NJ)","[-74.43418191, 39.35842207]","[-75.072197, 39.367802]",22,17,16,18.333333333333332
54,"RIVERVIEW HEALTH INSTITUTE (DAYTON, OH)","BETHESDA BUTLER HOSPITAL (HAMILTON, OH)","[-84.19940099, 39.74824808]","[-84.5150822, 39.37834327]",17,22,25,21.333333333333332
55,"Vallee Family House (Westbrook, ME)","Woodman Building (Portland, ME)","[-70.358336, 43.6742054]","[-70.25337099924641, 43.65838748568273]",6,11,12,9.666666666666666
56,"MANHATTAN PSYCHIATRIC CENTER (WARDS ISLAND, NY)","LONG ISLAND JEWISH MEDICAL CENTER (NEW HYDE PARK, NY)","[-73.93076918, 40.78830543]","[-73.70810636, 40.75434328]",19,14,14,15.666666666666666
57,"BRUNSWICK HOSPITAL CENTER, INC (AMITYVILLE, NY)","MOUNT SINAI BETH ISRAEL (NEW YORK, NY)","[-73.42114535, 40.68523661]","[-73.98177078, 40.73310481]",16,28,31,25.0
58,"Lake Charles Regional Airport (LAKE CHARLES, LA)","JENNINGS SENIOR CARE HOSPITAL (JENNINGS, LA)","[-93.22329711914062, 30.126100540161133]","[-92.66266962, 30.23989684]",13,16,18,15.666666666666666
59,"Goodnow House (Manhattan, KS)","Manhattan Regional Airport (MANHATTAN, KS)","[-96.5955983497565, 39.1927577]","[-96.6707992553711, 39.14099884033203]",10,12,11,11.0
60,"Garrison, William Lloyd, House (Boston, MA)","Bowker Place (Salem, MA)","[-71.09367690083184, 42.3259041]","[-70.89494441147569, 42.521523703934]",22,23,22,22.333333333333332
61,"Manhattan Regional Airport (MANHATTAN, KS)","Frankfort School (Frankfort, KS)","[-96.6707992553711, 39.14099884033203]","[-96.41699, 39.704496]",16,14,19,16.333333333333332
62,"Stinson Municipal Airport (SAN ANTONIO, TX)","SELECT REHABILITATION HOSPITAL OF SAN ANTONIO (SAN ANTONIO, TX)","[-98.471099853516, 29.336999893188]","[-98.4923585, 29.62823132]",16,18,18,17.333333333333332
63,"GREYSTONE PARK PSYCHIATRIC HOSPITAL (MORRIS PLAINS, NJ)","National Musical String Company (New Brunswick, NJ)","[-74.51025497, 40.83896659]","[-74.44758128795094, 40.47672630107233]",17,27,29,24.333333333333332
64,"Seattle Paine Field International Airport (EVERETT, WA)","Rainier Club (Seattle, WA)","[-122.281998, 47.9063]","[-122.3316433, 47.6051068]",19,19,17,18.333333333333332
65,"Shelton, William, House (Windsor, CT)","Williams, Austin F., Carriagehouse and House (Farmington, CT)","[-72.6488603, 41.8581431]","[-72.83371948868972, 41.7172138]",16,17,24,19.0
66,"Rutland - Southern Vermont Regional Airport (RUTLAND, VT)","Edward F Knapp State Airport (BARRE/MONTPELIER, VT)","[-72.9496, 43.5294]","[-72.56230164, 44.20349884]",14,17,20,17.0
67,"WILLAMETTE VALLEY MEDICAL CENTER (MCMINNVILLE, OR)","Minthorn, Dr. Henry J., House (Herbert Hoover House) (Newberg, OR)","[-123.1646728, 45.19903826]","[-122.9688766, 45.2996502]",11,18,21,16.666666666666668
68,"VIBRA HOSPITAL OF WESTERN MASS CENTRAL CAMPUS (LEICESTER, MA)","Arden (Andover, MA)","[-71.89882734, 42.20189928]","[-71.14874298686692, 42.668315500000006]",16,15,15,15.333333333333334
69,"MEMORIAL HOSPITAL INC (MANCHESTER, KY)","Central Kentucky Regional Airport (RICHMOND, KY)","[-83.76202402, 37.16197765]","[-84.332298, 37.630798]",13,10,13,12.0
70,"Donnell, Robert, House (Athens, AL)","Mason Building (Huntsville, AL)","[-86.9681692, 34.7956999]","[-86.58620192024577, 34.731809049999995]",12,11,13,12.0
71,"Roanoke Rapids Junior-Senior High School (Roanoke Rapids, NC)","Rocky Mount Wilson Regional Airport (ROCKY MOUNT, NC)","[-77.654277, 36.458928]","[-77.891899, 35.8563]",13,12,16,13.666666666666666
72,"Queen Anne Cottage and Coach Barn (Arcadia, CA)","FOOTHILL PRESBYTERIAN HOSPITAL-JOHNSTON MEMORIAL (GLENDORA, CA)","[-118.051188, 34.142941]","[-117.8712597, 34.13265458]",8,15,17,13.333333333333334
73,"CAVHCS EAST CAMPUS (MONTGOMERY, AL)","GEORGIANA MEDICAL CENTER (GEORGIANA, AL)","[-86.129219, 32.35771]","[-86.74307505, 31.63632159]",16,22,25,21.0
74,"OAKLAND MERCY HOSPITAL (OAKLAND, NE)","Scheider's Opera House (Snyder, NE)","[-96.45918371, 41.83485355]","[-96.78845036734694, 41.70303897959184]",14,14,16,14.666666666666666
75,"Community Building (Salisbury, NC)","Arista Cotton Mill Complex (Winston-Salem, NC)","[-80.46752472474998, 35.66921166372531]","[-80.24516235825587, 36.0904426]",19,20,23,20.666666666666668
76,"Eliot Hall at Radcliffe College (Cambridge, MA)","Gedney and Cox Houses (Salem, MA)","[-71.12348425699358, 42.381047300000006]","[-70.8976299, 42.51868]",28,24,28,26.666666666666668
77,"Newport Municipal Airport (NEWPORT, OR)","Mahlon Sweet Field (EUGENE, OR)","[-124.057999, 44.580399]","[-123.21199798583984, 44.12459945678711]",19,14,14,15.666666666666666
78,"Chelmsford Glass Works' Long House (Lowell, MA)","Richards, Theodore W., House (Cambridge, MA)","[-71.34845552040827, 42.630761641453766]","[-71.1221129, 42.37879085]",18,23,25,22.0
79,"Willis-Moody Mansion (Galveston, TX)","Astrodome, The (Houston, TX)","[-94.79622408635916, 29.2993878]","[-95.41258664835163, 29.687827945054945]",8,16,19,14.333333333333334
80,"Bridgman, Percy, House (Cambridge, MA)","McKay, Donald, House (Boston, MA)","[-71.12855930017045, 42.37917045]","[-71.0375024858719, 42.380548442715416]",25,19,19,21.0
81,"Fifth Ward School (Louisville, KY)","THE JAMES B. HAGGIN MEMORIAL HOSPITAL (HARRODSBURG, KY)","[-85.76008511794552, 38.24539547558625]","[-84.84873911, 37.75706388]",16,18,21,18.333333333333332
82,"Barnard, Henry, House (Hartford, CT)","Ellsworth, Oliver, Homestead (Windsor, CT)","[-72.67479500238326, 41.7569617]","[-72.6236618, 41.8789735]",13,15,18,15.333333333333334
83,"Cornish House (Little Rock, AR)","DeWitt Post Office (DeWitt, AR)","[-92.279739, 34.732134]","[-91.33734102434678, 34.2950236]",18,13,15,15.333333333333334
84,"New Opera House (Auburn, NE)","Lincoln Airport (LINCOLN, NE)","[-95.83769298630664, 40.3927318121755]","[-96.75920104980467, 40.85100173950195]",14,14,17,15.0
85,"Heyward-Washington House (Charleston, SC)","EAST COOPER MEDICAL CENTER (MOUNT PLEASANT, SC)","[-79.929293293026, 32.7752809]","[-79.85055352, 32.82118087]",14,18,15,15.666666666666666
86,"FRANCISCAN ST JAMES HEALTH (OLYMPIA FIELDS, IL)","Adams, Mary W., House (Highland Park, IL)","[-87.71135017, 41.52310929]","[-87.78897925766967, 42.18739515]",22,18,20,20.0
87,"Margaret Hall (Versailles, KY)","Blue Grass Airport (LEXINGTON, KY)","[-84.73199515198641, 38.05683574824312]","[-84.605904, 38.036499]",8,8,10,8.666666666666666
88,"Eagles Auditorium Building (Seattle, WA)","PROVIDENCE REGIONAL MEDICAL CENTER  - COLBY (EVERETT, WA)","[-122.33255673469388, 47.61088983673469]","[-122.2057095, 47.99989375]",14,19,23,18.666666666666668
89,"Welch Training School (New Haven, CT)","JOHNSON MEMORIAL HOSPITAL (STAFFORD SPRINGS, CT)","[-72.9369248, 41.3011918]","[-72.39088638, 41.98010168]",20,26,26,24.0
90,"Polk Theatre and Office Building (Lakeland, FL)","Leesburg International Airport (LEESBURG, FL)","[-81.9572982868793, 28.043793822123423]","[-81.80870056, 28.82309914]",17,20,19,18.666666666666668
91,"ABRAZO CENTRAL CAMPUS (PHOENIX, AZ)","BANNER IRONWOOD MEDICAL CENTER (SAN TAN VALLEY, AZ)","[-112.1021815, 33.52481593]","[-111.5655909, 33.21443538]",13,14,17,14.666666666666666
92,"Kingsley, Chester, House (Cambridge, MA)","Children's Home (Fall River, MA)","[-71.12430114880462, 42.39334525]","[-71.1432114319806, 41.70579735]",28,36,37,33.666666666666664
93,"VA MEDICAL CENTER - PROVIDENCE (PROVIDENCE, RI)","Wanton-Lyman-Hazard House (Newport, RI)","[-71.43314954, 41.83213908]","[-71.312676, 41.490825]",16,16,18,16.666666666666668
94,"FAULKNER HOSPITAL (BOSTON, MA)","Beverly Grammar School (Beverly, MA)","[-71.1283, 42.3015]","[-70.87531835751747, 42.551950950000005]",32,27,28,29.0
95,"BRISTOL HOSPITAL (BRISTOL, CT)","Underwood Computing Machine Company Factory (Hartford, CT)","[-72.93551293, 41.67634286]","[-72.70317019836956, 41.75955915]",15,23,20,19.333333333333332
96,"Deshon-Allyn House (New London, CT)","Armsmear (Hartford, CT)","[-72.10460601429256, 41.37211916043683]","[-72.67414081091705, 41.7537176]",12,12,15,13.0
97,"Wardner, James F., House (Bellingham, WA)","Bellingham International Airport (BELLINGHAM, WA)","[-122.49809831532002, 48.72218955]","[-122.53800201416016, 48.79280090332031]",9,12,12,11.0
98,"MONONGALIA COUNTY GENERAL HOSPITAL (MORGANTOWN, WV)","PRESTON MEMORIAL HOSPITAL (KINGWOOD, WV)","[-79.94694373, 39.66361557]","[-79.67751161, 39.46495411]",18,15,22,18.333333333333332
99,"CRENSHAW COMMUNITY HOSPITAL (LUVERNE, AL)","Tulane Building (Montgomery, AL)","[-86.2650457, 31.69354407]","[-86.297787, 32.371937]",18,9,11,12.666666666666666
100,"HILLSDALE COMMUNITY HEALTH CENTER (HILLSDALE, MI)","UNIVERSITY OF MICHIGAN HEALTH SYSTEM (ANN ARBOR, MI)","[-84.63300353, 41.91173869]","[-83.7287078, 42.28319175]",23,19,22,21.333333333333332
101,"Old Spanish Monastery (North Miami Beach, FL)","MIAMI VA HEALTHCARE SYSTEM (MIAMI, FL)","[-80.15441556363004, 25.9295485]","[-80.21672492, 25.79122252]",18,20,19,19.0
102,"Cape Cod Gateway Airport (HYANNIS, MA)","Adams, John, Birthplace (Quincy, MA)","[-70.280403, 41.6693]","[-71.00345585895457, 42.2393443]",17,24,21,20.666666666666668
103,"Mason City Municipal Airport (MASON CITY, IA)","Hart, Charles Walter, House (Charles City, IA)","[-93.329716, 43.159801]","[-92.6609108870829, 43.065565359961234]",15,15,14,14.666666666666666
104,"HEALTHSOUTH NEW ENGLAND REHABILIATION AT BEVERLY (BEVERLY, MA)","Frye, Nathan, House (Andover, MA)","[-70.88723563, 42.56098687]","[-71.14424530677867, 42.66167478434988]",19,19,22,20.0
105,"SOUTHCOAST HOSPITALS GROUP - TOBEY HOSPITAL CAMPUS (WAREHAM, MA)","Brayton Methodist Episcopal Church (Fall River, MA)","[-70.7144, 41.7561]","[-71.16950134637565, 41.68895595]",18,19,20,19.0
106,"Baldwin, Caleb, House (Beaver, UT)","Smith, Seth W., House (Beaver, UT)","[-112.63416675762222, 38.27168272559982]","[-112.63327272727273, 38.28246204545455]",4,8,8,6.666666666666667
107,"MITCHELL COUNTY HOSPITAL HEALTH SYSTEMS (BELOIT, KS)","Russell Municipal Airport (RUSSELL, KS)","[-98.1143798, 39.46720382]","[-98.811798095703, 38.872100830078]",10,13,17,13.333333333333334
108,"Sumner, Charles, House (Boston, MA)","Pilgrim Hall (Plymouth, MA)","[-71.06423836571979, 42.36039035]","[-70.667965, 41.9590665]",13,34,36,27.666666666666668
109,"Westerly State Airport (WESTERLY, RI)","MEMORIAL HOSPITAL OF RHODE ISLAND (PAWTUCKET, RI)","[-71.803398, 41.349602]","[-71.37645645, 41.869922]",25,44,48,39.0
110,"Chase, Samuel, House (West Newbury, MA)","Wesley Methodist Church (Salem, MA)","[-70.9764614958564, 42.80594726903065]","[-70.89836843610422, 42.52212875]",24,20,18,20.666666666666668
111,"Barrett, Col. James, Farm (Concord, MA)","Meeting House of the Second Parish in Woburn (Burlington, MA)","[-71.38077782532886, 42.47292765]","[-71.19980772124698, 42.5040119]",13,7,9,9.666666666666666
112,"Las Vegas Mormon Fort (Boundary Increase) (Las Vegas, NV)","SEVEN HILLS BEHAVIORAL INSTITUTE (HENDERSON, NV)","[-115.13381750412287, 36.17989855]","[-115.1203312, 35.99630422]",18,17,16,17.0
113,"UPPER VALLEY MEDICAL CENTER (TROY, OH)","James M Cox Dayton International Airport (DAYTON, OH)","[-84.229928, 40.08587443]","[-84.219398, 39.902401]",14,20,22,18.666666666666668
114,"NORTHWEST OHIO PSYCHIATRIC HOSPITAL (TOLEDO, OH)","Laird Hall (Tiffin, OH)","[-83.59947972, 41.62137509]","[-83.157607125, 41.11332616666667]",33,22,25,26.666666666666668
115,"St. Peter's German Evangelical Church (Louisville, KY)","Christ Church Cathedral (Louisville, KY)","[-85.77141157142857, 38.25550014285714]","[-85.75349632910643, 38.25196995]",6,8,9,7.666666666666667
116,"CHI HEALTH CREIGHTON UNIVERSITY MEDICAL CENTER (OMAHA, NE)","CHI HEALTH IMMANUEL (OMAHA, NE)","[-95.95481971, 41.26510918]","[-96.02028902, 41.32224315]",9,8,8,8.333333333333334
117,"MARTIN LUTHER KING, JR. COMMUNITY HOSPITAL (LOS ANGELES, CA)","Los Angeles Union Passenger Terminal (Los Angeles, CA)","[-118.2438013, 33.92263707]","[-118.23589615098696, 34.0560576]",22,28,31,27.0
118,"KINDRED HOSPITAL MELBOURNE (MELBOURNE, FL)","Orlando International Airport (ORLANDO, FL)","[-80.63500041, 28.09188139]","[-81.30899810791016, 28.429399490356445]",18,16,18,17.333333333333332
119,"Aztec Auto Court (Albuquerque, NM)","UNM CHILDREN'S PSYCHIATRIC CENTER (ALBUQUERQUE, NM)","[-106.60175148979592, 35.07955434693878]","[-106.6215342, 35.09271048]",8,10,12,10.0
120,"ALLIANCEHEALTH SEMINOLE (SEMINOLE, OK)","BRISTOW MEDICAL CENTER (BRISTOW, OK)","[-96.69840924, 35.24497499]","[-96.40143787, 35.83402589]",10,15,18,14.333333333333334
121,"Lincoln, Gen. Benjamin, House (Hingham, MA)","Pilgrim Hall (Plymouth, MA)","[-70.89244494378738, 42.24297815]","[-70.667965, 41.9590665]",11,17,20,16.0
122,"Quonset State Airport (NORTH KINGSTOWN, RI)","Allen, Candace, House (Providence, RI)","[-71.412101745605, 41.597099304199]","[-71.40432111637742, 41.82480455]",18,18,20,18.666666666666668
123,"Parnell Hall (Little Rock, AR)","CONWAY REGIONAL MEDICAL CENTER (CONWAY, AR)","[-92.30113905369129, 34.750853677852355]","[-92.4578836, 35.08566805]",24,19,20,21.0
124,"Republic Airport (FARMINGDALE, NY)","US Post Office-Metropolitan Station (New York, NY)","[-73.4133987427, 40.7288017273]","[-73.94123897977707, 40.70208985]",22,23,30,25.0
125,"NATIONWIDE CHILDREN'S HOSPITAL (COLUMBUS, OH)","CHALMERS P. WYLIE VA AMBULATORY CARE CENTER (COLUMBUS, OH)","[-82.97952404, 39.95251412]","[-82.90958494, 39.9808247]",16,18,17,17.0
126,"Tatum, Corinne and George Liston Jr., House (New Canaan, CT)","Danbury Municipal Airport (DANBURY, CT)","[-73.4745896, 41.1714117]","[-73.482227, 41.371656]",9,16,19,14.666666666666666
127,"Lutcher & Moore Cypress Lumber Co., Ltd., Headquarters Building (Lutcher, LA)","Hermann-Grima House (New Orleans, LA)","[-90.69698451020408, 30.041310224489795]","[-90.10217161828912, 29.980727648213417]",16,16,18,16.666666666666668
128,"ST NICHOLAS HOSPITAL (SHEBOYGAN, WI)","Horner, John Scott, House (Ripon, WI)","[-87.74753796, 43.7623479]","[-88.83373636734693, 43.84542063265306]",9,18,21,16.0
129,"WEST FELICIANA PARISH HOSPITAL (SAINT FRANCISVILLE, LA)","BETHESDA REHABILITATION HOSPITAL (BATON ROUGE, LA)","[-91.36667285, 30.78371481]","[-91.09938037, 30.39922677]",12,16,16,14.666666666666666
130,"THE MIRIAM HOSPITAL (PROVIDENCE, RI)","Pawtuxet Valley Dyeing Company (Coventry, RI)","[-71.39812349, 41.85206819]","[-71.53760375799244, 41.72329680840088]",27,22,25,24.666666666666668
131,"Astro Theater (Omaha, NE)","Fairview (Lincoln, NE)","[-95.94278951158174, 41.25726605]","[-96.652342, 40.795369]",12,12,14,12.666666666666666
132,"First Unitarian Church (Berkeley, CA)","Sacramento Executive Airport (SACRAMENTO, CA)","[-122.2612423, 37.8685817]","[-121.492996216, 38.5125007629]",22,25,21,22.666666666666668
133,"MUSCOGEE (CREEK) NATION PHYSICAL REHABILITATION CENTER (OKMULGEE, OK)","PRAGUE COMMUNITY HOSPITAL (PRAGUE, OK)","[-95.96033181, 35.66753235]","[-96.68431257, 35.49014466]",17,18,19,18.0
134,"St. Stephen's Episcopal Church (Philadelphia, PA)","Roberts-Quay House (Philadelphia, PA)","[-75.15656520857353, 39.9508543]","[-75.22243732045304, 39.95415002351048]",6,7,10,7.666666666666667
135,"Orangeburg Municipal Airport (ORANGEBURG, SC)","Kress Building (Columbia, SC)","[-80.859497070312, 33.456798553467]","[-81.03500204835132, 34.0057726]",14,18,18,16.666666666666668
136,"Hughes, Langston, House (New York, NY)","NEW YORK HOSPITAL QUEENS (FLUSHING, NY)","[-73.9405357, 40.807199]","[-73.82541638, 40.74677228]",13,17,14,14.666666666666666
137,"Tyler, John, House (Branford, CT)","Anderson, Leroy, House (Woodbury, CT)","[-72.78726006254425, 41.29249246853864]","[-73.2355826, 41.5393314]",18,13,17,16.0
138,"First Baptist Church (Columbus, IN)","HENDRICKS REGIONAL HEALTH (DANVILLE, IN)","[-85.87230252989806, 39.23347085]","[-86.50188213, 39.76191216]",29,30,30,29.666666666666668
139,"HILTON HEAD HOSPITAL (HILTON HEAD ISLAND, SC)","Florence Crittenton Home (Charleston, SC)","[-80.71505734, 32.22404532]","[-79.95502504132148, 32.80355555]",25,27,32,28.0
140,"Clarke County Courthouse (Old) (Berryville, VA)","Greenwood (Culpeper, VA)","[-77.980731, 39.151741]","[-78.00057543962043, 38.45412255]",17,20,16,17.666666666666668
141,"U.S. Customhouse (New Orleans, LA)","COMPASS BEHAVIORAL CENTER OF HOUMA (HOUMA, LA)","[-90.06620206122449, 29.951512183673472]","[-90.74930615, 29.62086075]",12,11,14,12.333333333333334
142,"Heartsease (Hillsborough, NC)","WESLEY LONG COMMUNITY HOSPITAL (GREENSBORO, NC)","[-79.09907446938774, 36.07879444897959]","[-79.82541858, 36.08342606]",24,25,25,24.666666666666668
143,"First Presbyterian Church (Clarksville, AR)","Boone County Airport (HARRISON, AR)","[-93.46605075274628, 35.47252705]","[-93.15470123291016, 36.26150131225586]",12,13,16,13.666666666666666
144,"WILMINGTON VA MEDICAL CENTER (WILMINGTON, DE)","DOVER BEHAVIORAL HEALTH SYSTEM (DOVER, DE)","[-75.606352, 39.740166]","[-75.48426014, 39.15367085]",19,26,23,22.666666666666668
145,"MINIDOKA MEMORIAL HOSPITAL (RUPERT, ID)","Burley Municipal Airport (BURLEY, ID)","[-113.6860967, 42.62039729]","[-113.772003174, 42.5425987244]",8,15,14,12.333333333333334
146,"CHRISTIANA CARE-CHRISTIANA HOSPITAL (NEWARK, DE)","Wilmington Club (Wilmington, DE)","[-75.66912143, 39.68748604]","[-75.5471994453431, 39.74660864671458]",16,18,17,17.0
147,"Will Rogers High School (Tulsa, OK)","STROUD REGIONAL MEDICAL CENTER (STROUD, OK)","[-95.93640280722892, 36.152811903614456]","[-96.68334576, 35.74848483]",11,18,18,15.666666666666666
148,"Edward F Knapp State Airport (BARRE/MONTPELIER, VT)","Old Constitution House (Windsor, VT)","[-72.56230164, 44.20349884]","[-72.3190035, 43.64883215384616]",9,15,13,12.333333333333334
149,"PRINCE GEORGES HOSPITAL CENTER (CHEVERLY, MD)","Hessian Barracks (Frederick, MD)","[-76.92066798, 38.93102538]","[-77.41168458823529, 39.40948232352941]",16,18,21,18.333333333333332
150,"ADCARE HOSPITAL OF WORCESTER INC (WORCESTER, MA)","Hastings, Oliver, House (Cambridge, MA)","[-71.79491979, 42.27641208]","[-71.12577756000431, 42.37678475]",17,15,18,16.666666666666668
151,"Lawrence Municipal Airport (LAWRENCE, MA)","Noyes-Parris House (Wayland, MA)","[-71.1233978271, 42.7172012329]","[-71.36200947215666, 42.34530911330676]",21,26,18,21.666666666666668
152,"SCL HEALTH COMMUNITY HOSPITAL - NORTHGLENN (DENVER, CO)","Ford, Barney L., Building (Denver, CO)","[-104.9840733, 39.91240745]","[-104.99979844574388, 39.749661]",13,15,17,15.0
153,"Cluever, Richard, House (Maywood, IL)","McClurg Building (Chicago, IL)","[-87.834453, 41.892845]","[-87.6265925572205, 41.878878150000006]",14,11,11,12.0
154,"CORNERSTONE HOSPITAL LITTLE ROCK (LITTLE ROCK, AR)","Parnell Hall (Little Rock, AR)","[-92.33858471, 34.75040053]","[-92.30113905369129, 34.750853677852355]",11,5,5,7.0
155,"Dunbar Hospital (Detroit, MI)","Durant-Dort Carriage Company Office (Flint, MI)","[-83.04134305522764, 42.36825451847435]","[-83.69521057142858, 43.017372571428574]",11,16,19,15.333333333333334
156,"GHS NORTH GREENVILLE LONG TERM ACUTE CARE HOSPITAL (TRAVELERS REST, SC)","Greenville Downtown Airport (GREENVILLE, SC)","[-82.45596102, 34.97546934]","[-82.350217, 34.847903]",13,15,14,14.0
157,"BAY RIDGE HOSPITAL BEVERLY (LYNN, MA)","Prospect Congregational Church (Cambridge, MA)","[-70.95676093, 42.47162011]","[-71.10279946160344, 42.3678508]",18,24,24,22.0
158,"WEATHERFORD REHABILITATION HOSPITAL LLC (WEATHERFORD, TX)","WEATHERFORD REGIONAL MEDICAL CENTER (WEATHERFORD, TX)","[-97.78774264, 32.75062142]","[-97.78581052, 32.74811822]",8,9,7,8.0
159,"US Post Office-Yonkers (Yonkers, NY)","New York Stewart International Airport (NEWBURGH, NY)","[-73.90182660514854, 40.9350758]","[-74.104797, 41.504101]",27,25,28,26.666666666666668
160,"Moore House (Little Rock, AR)","Saline County Regional Airport (BRYANT, AR)","[-92.49484704669204, 34.81568523543637]","[-92.479401, 34.590599]",12,10,12,11.333333333333334
161,"Llambias House (St. Augustine, FL)","Stetson, John B., House (DeLand, FL)","[-81.31105621791124, 29.887799567545606]","[-81.32304121015795, 29.023226]",16,11,11,12.666666666666666
162,"COTTAGE HOSPITAL (WOODSVILLE, NH)","HUGGINS HOSPITAL (WOLFEBORO, NH)","[-72.02342639, 44.13533816]","[-71.2003641, 43.58173942]",21,23,23,22.333333333333332
163,"GHS PATEWOOD MEMORIAL HOSPITAL (GREENVILLE, SC)","UNION MEDICAL CENTER (UNION, SC)","[-82.32760809, 34.85151346]","[-81.62930079, 34.71216013]",12,21,24,19.0
164,"HEBREW REHABILITATION CENTER (BOSTON, MA)","Brattle Hall (Cambridge, MA)","[-71.13179781, 42.29680056]","[-71.1214761, 42.3735328]",16,26,26,22.666666666666668
165,"Steam Engine Company No. 4 (Louisville, KY)","University of Louisville School of Medicine (Louisville, KY)","[-85.73990860120301, 38.23591295]","[-85.7531985750971, 38.24872205]",8,10,9,9.0
166,"Staples Inn (Old Orchard Beach, ME)","Leighton, Adam P., House (Portland, ME)","[-70.37794210000001, 43.5186845]","[-70.27556782565347, 43.6512549]",10,10,13,11.0
167,"REHABILITATION INSTITUTE OF CHICAGO (CHICAGO, IL)","Willard, Frances, House (Evanston, IL)","[-87.6183348, 41.89545454]","[-87.67914237456012, 42.04895745]",17,20,22,19.666666666666668
168,"Progressive Market (Hartford, VT)","Rutland - Southern Vermont Regional Airport (RUTLAND, VT)","[-72.31892, 43.64746442328892]","[-72.9496, 43.5294]",14,18,20,17.333333333333332
169,"Jones, Charles William, House (Pensacola, FL)","BAPTIST HOSPITAL (PENSACOLA, FL)","[-87.22010928571429, 30.416090183673468]","[-87.2304209, 30.4294179]",9,5,7,7.0
170,"Mercer County Airport (BLUEFIELD, WV)","Greenbrier Valley Airport (LEWISBURG, WV)","[-81.207703, 37.295799]","[-80.400438, 37.857914]",11,14,16,13.666666666666666
171,"Gresham (Edgewater, MD)","MOUNT WASHINGTON PEDIATRIC HOSPITAL (BALTIMORE, MD)","[-76.56188118875023, 38.93940036718369]","[-76.65370914, 39.36316128]",19,32,32,27.666666666666668
172,"Humphreys, Sir John, House (Swampscott, MA)","Read, Cheney, House (Cambridge, MA)","[-70.9175927, 42.4731157]","[-71.10854797090366, 42.36512245]",23,19,24,22.0
173,"Berdahl-Rolvaag House (Sioux Falls, SD)","Taylor, J.W., House (Canton, SD)","[-96.7384092080537, 43.52201240268456]","[-96.59140942857142, 43.30284220408164]",11,10,12,11.0
174,"Grant, Benjamin, House (Ipswich, MA)","Quincy Town Hall (Quincy, MA)","[-70.83541545, 42.6780672]","[-71.00430892251757, 42.25092385]",18,23,26,22.333333333333332
175,"WALDEN BEHAVIORAL CARE, LLC (WALTHAM, MA)","Bradley, J.D.C., House (Southborough, MA)","[-71.249339, 42.369626]","[-71.540245, 42.316084]",17,17,20,18.0
176,"REHABILITATION HOSPITAL OF RHODE ISLAND (NORTH SMITHFIELD, RI)","Jillson, Luke, House (Cumberland, RI)","[-71.51284391, 41.98157826]","[-71.4442859942873, 41.96152749193186]",8,7,12,9.0
177,"NEW YORK PRESBYTERIAN HOSPITAL - WESTCHESTER DIVISION (WHITE PLAINS, NY)","US Post Office-Jackson Heights Station (New York, NY)","[-73.75390988, 41.02757951]","[-73.8874613, 40.7492769]",16,20,21,19.0
178,"La Glorieta House (Albuquerque, NM)","HEALTHSOUTH REHABILITATION HOSPITAL (ALBUQUERQUE, NM)","[-106.52055617594824, 35.070656980353185]","[-106.5922673, 35.16035126]",10,12,13,11.666666666666666
179,"CITIZENS BAPTIST MEDICAL CENTER (TALLADEGA, AL)","Birmingham-Shuttlesworth International Airport (BIRMINGHAM, AL)","[-86.0907834, 33.44027682]","[-86.753502, 33.562901]",13,19,21,17.666666666666668
180,"EAST ORANGE GENERAL HOSPITAL (EAST ORANGE, NJ)","HACKETTSTOWN REGIONAL MEDICAL CENTER (HACKETTSTOWN, NJ)","[-74.2136014, 40.75460356]","[-74.81600774, 40.8616841]",19,17,19,18.333333333333332
181,"Harding, Warren G., House (Marion, OH)","Immaculate Conception Rectory at Botkins (Botkins, OH)","[-83.1216369, 40.5865152]","[-84.18320673333334, 40.46884388888889]",13,11,14,12.666666666666666
182,"HEALTHSOUTH REHABILITATION HOSPITAL OF FORTH WORTH (FORT WORTH, TX)","HEALTHSOUTH REHABILITATION HOSPITAL OF ARLINGTON (ARLINGTON, TX)","[-97.3395734, 32.747384]","[-97.11825624, 32.69377148]",17,17,14,16.0
183,"Holman, Rufus C., House (Portland, OR)","Portland Hillsboro Airport (PORTLAND, OR)","[-122.69944095030166, 45.512131100000005]","[-122.949997, 45.540401]",15,25,27,22.333333333333332
184,"PHOENIX VA HEALTH CARE SYSTEM (PHOENIX, AZ)","ABRAZO CENTRAL CAMPUS (PHOENIX, AZ)","[-112.0662531, 33.49567218]","[-112.1021815, 33.52481593]",10,6,11,9.0
185,"STERLING SURGICAL HOSPITAL (SLIDELL, LA)","St. Patrick's Church (New Orleans, LA)","[-89.7709814, 30.29175716]","[-90.06972052041274, 29.9465849]",12,21,22,18.333333333333332
186,"HANCOCK REGIONAL HOSPITAL (GREENFIELD, IN)","INDIANA UNIVERSITY HEALTH (INDIANAPOLIS, IN)","[-85.76808106, 39.79549333]","[-86.16310064, 39.78980112]",13,17,19,16.333333333333332
187,"METROWEST MEDICAL CENTER - FRAMINGHAM CAMPUS (FRAMINGHAM, MA)","Conant, Exercise, House (Beverly, MA)","[-71.4186, 42.2852]","[-70.89601355811621, 42.5755288]",24,21,15,20.0
188,"Grand Army of the Republic (G.A.R.) Memorial Hall (Nebraska City, NE)","Nebraska Telephone Company Building (Lincoln, NE)","[-95.85655826530612, 40.67577848979592]","[-96.70259666824585, 40.80893304838322]",9,12,15,12.0
189,"Hall, James Norman, House (Colfax, IA)","CLARKE COUNTY PUBLIC HOSPITAL (OSCEOLA, IA)","[-93.23951397959183, 41.6785125510204]","[-93.76852658, 41.02611913]",14,18,20,17.333333333333332
190,"East Windsor Academy (East Windsor, CT)","Connecticut General Life Insurance Company Headquarters (Bloomfield, CT)","[-72.58000930583978, 41.90032885]","[-72.7432083, 41.8129234]",18,16,19,17.666666666666668
191,"Hill-Stead (Farmington, CT)","South Congregational Church (New Britain, CT)","[-72.8205874, 41.722119]","[-72.78170204802383, 41.6650052]",12,15,15,14.0
192,"Williams, Dr. Daniel Hale, House (Chicago, IL)","Sheridan Square Apartments (Evanston, IL)","[-87.6148408250301, 41.8182942]","[-87.669279589548, 42.0290738]",26,18,20,21.333333333333332
193,"Venango Regional Airport (FRANKLIN, PA)","GROVE CITY MEDICAL CENTER (GROVE CITY, PA)","[-79.8603973389, 41.3778991699]","[-80.085172, 41.170999]",8,9,9,8.666666666666666
194,"CALDWELL MEMORIAL HOSPITAL (LENOIR, NC)","Boyden High School (Salisbury, NC)","[-81.53516139, 35.91060653]","[-80.4846287289516, 35.665857]",17,22,21,20.0
195,"HEALTHSOUTH MOUNTAINVIEW REGIONAL REHAB HOSPITAL (MORGANTOWN, WV)","Beallmore (Wellsburg, WV)","[-79.96198365, 39.65648602]","[-80.607377, 40.277791]",13,25,25,21.0
196,"Cass County Courthouse (Fargo, ND)","SANFORD MAYVILLE (MAYVILLE, ND)","[-96.79294626530611, 46.87243557142857]","[-97.31690787, 47.50074328]",13,15,18,15.333333333333334
197,"Akron Fulton International Airport (AKRON, OH)","Cuyahoga County Airport (CLEVELAND, OH)","[-81.46784, 41.037355]","[-81.4863967896, 41.5651016235]",17,18,20,18.333333333333332
198,"WFIL Studio (Philadelphia, PA)","Moore, Clarence B., House (Philadelphia, PA)","[-75.21218214285715, 39.95833230612244]","[-75.16308833333333, 39.948110666666665]",7,14,16,12.333333333333334
199,"Shadow Lawn (Lincolnton, NC)","Webbley (Shelby, NC)","[-81.259966, 35.470266]","[-81.53925275, 35.287564]",9,10,11,10.0
200,"Lafferty, William T., House (Cynthiana, KY)","LEXINGTON VA MEDICAL CENTER - COOPER (LEXINGTON, KY)","[-84.281705, 38.387411]","[-84.506404, 38.029804]",16,14,17,15.666666666666666
201,"Singer Building (Chicago, IL)","Gray-Watkins Mill (Montgomery, IL)","[-87.6281371026204, 41.88015915]","[-88.33988960227273, 41.72949765]",21,22,20,21.0
202,"KINDRED HOSPITAL SOUTH PHILADELPHIA (PHILADELPHIA, PA)","Mount Zion A.M.E. Church (Tredyffrin Township, PA)","[-75.17016216, 39.92597552]","[-75.4343008, 40.0558562]",20,27,27,24.666666666666668
203,"BRIDGEPORT HOSPITAL (BRIDGEPORT, CT)","Murray, Jonathan, House (Madison, CT)","[-73.16659472, 41.18937738]","[-72.5797123, 41.286547]",11,21,23,18.333333333333332
204,"TIDELANDS GEORGETOWN MEMORIAL HOSPITAL (GEORGETOWN, SC)","St. Michael's Episcopal Church (Charleston, SC)","[-79.28455341, 33.37964269]","[-79.93078719731025, 32.775472873654564]",16,23,25,21.333333333333332
205,"Baxter, H. H., Memorial Library (Rutland, VT)","Harris, William, House (Brattleboro, VT)","[-72.98109578498392, 43.6124592]","[-72.57192325981366, 42.85168485775068]",11,16,19,15.333333333333334
206,"Rutland - Southern Vermont Regional Airport (RUTLAND, VT)","Grafton Distric Schoolhouse No. 2 (Grafton, VT)","[-72.9496, 43.5294]","[-72.6072662463347, 43.17206006910668]",8,13,16,12.333333333333334
207,"Knowlton (Philadelphia, PA)","Reynolds-Morris House (Philadelphia, PA)","[-75.07440767297489, 40.07313525]","[-75.15417027844683, 39.947218]",24,14,18,18.666666666666668
208,"Murphy, Paul C., House (Portland, OR)","Sprouse, John A., Jr., House (Portland, OR)","[-122.6258511576923, 45.5228908]","[-122.70876368538325, 45.5293563]",14,20,21,18.333333333333332
209,"Merrick-Simmons House (Fernandina Beach, FL)","O'Reilly House (St. Augustine, FL)","[-81.45727741247062, 30.66910368767487]","[-81.31126703768649, 29.89044856140966]",18,27,27,24.0
210,"Gold, Egbert H., Estate (Holland, MI)","Battle Creek Executive Airport at Kellogg Field (BATTLE CREEK, MI)","[-86.09501710223589, 42.78133126211424]","[-85.251503, 42.307301]",20,18,22,20.0
211,"John Fitzgerald Kennedy National Historic Site (Additional Documentation) (Brookline, MA)","Central Congregational Church (Boston, MA)","[-71.12324334000687, 42.3469499]","[-71.07397256465134, 42.3521713]",16,16,14,15.333333333333334
212,"NEW YORK CITY CHILDREN'S CENTER - INPATIENT (BRONX, NY)","New Amsterdam Theater (New York, NY)","[-73.83850199, 40.84659365]","[-73.98806312043041, 40.75599995]",20,19,21,20.0
213,"Colorado Governor's Mansion (Denver, CO)","SKY RIDGE MEDICAL CENTER (LONE TREE, CO)","[-104.9819309173242, 39.728764350000006]","[-104.8711824, 39.52908996]",17,16,20,17.666666666666668
214,"Harding, Chester, House (Boston, MA)","Flint Farm (Andover, MA)","[-71.06254729170641, 42.357811600000005]","[-71.18824469824833, 42.6341868]",14,31,36,27.0
215,"Rogers House (Little Rock, AR)","JOHN L MCCLELLAN MEMORIAL VETERANS HOSPITAL (LITTLE ROCK, AR)","[-92.277318, 34.732025]","[-92.320213, 34.746036]",14,16,16,15.333333333333334
216,"SAINT MARYS REGIONAL MEDICAL CENTER (LEWISTON, ME)","Brunswick Executive Airport (BRUNSWICK, ME)","[-70.19978121, 44.10175387]","[-69.93859863, 43.89220047]",14,19,22,18.333333333333332
217,"VA MEDICAL CENTER - WHITE RIVER JUNCTION (WHITE RIVER JUNCTION, VT)","Ritchie Block (Bennington, VT)","[-72.34253657, 43.64849322]","[-73.05704947066566, 43.17664561686414]",15,17,17,16.333333333333332
218,"Wiley-Cloud House (Kennett Square, PA)","Lehigh Valley International Airport (ALLENTOWN, PA)","[-75.6672333, 39.8299614]","[-75.442797, 40.651773]",38,35,38,37.0
219,"Danbury Municipal Airport (DANBURY, CT)","Hooker, Elizabeth R., House (New Haven, CT)","[-73.482227, 41.371656]","[-72.91647480961612, 41.33254035]",16,17,20,17.666666666666668
220,"Westcott House (Springfield, OH)","MOUNT CARMEL ST ANN'S HOSPITAL (WESTERVILLE, OH)","[-83.789162, 39.921108]","[-82.94670491, 40.11480983]",13,17,17,15.666666666666666
221,"Urban Rowhouse (Cambridge, MA)","Connell, William M., School (Fall River, MA)","[-71.11041003734212, 42.35749050378885]","[-71.15566096615169, 41.69308515]",34,33,35,34.0
222,"Philtower (Tulsa, OK)","Tulsa International Airport (TULSA, OK)","[-95.9886791, 36.1521759]","[-95.88809967041016, 36.19839859008789]",13,14,13,13.333333333333334
223,"METHODIST HOSPITAL OF CHICAGO (CHICAGO, IL)","Loeb, Ernest, House (Highland Park, IL)","[-87.67074306, 41.97308677]","[-87.78307487289175, 42.17947325]",18,18,21,19.0
224,"Northwestern Terra Cotta Company Building (Chicago, IL)","ADVOCATE CONDELL MEDICAL CENTER (LIBERTYVILLE, IL)","[-87.67200722292773, 41.92773842765113]","[-87.95769974, 42.274235]",16,16,17,16.333333333333332
225,"Queen of Angels Priory (Mount Angel, OR)","SILVERTON HOSPITAL (SILVERTON, OR)","[-122.80150502064328, 45.0616448]","[-122.7900731, 45.00466592]",16,14,14,14.666666666666666
226,"Rollins, Ralph, House (Des Moines, IA)","METHODIST WEST HOSPITAL (WEST DES MOINES, IA)","[-93.64406630697232, 41.560161050000005]","[-93.79570965, 41.59660826]",14,16,18,16.0
227,"Methodist Parsonage (Yuma, AZ)","Dressing Apartments (Yuma, AZ)","[-114.62097635714284, 32.723118642857145]","[-114.78083461085222, 32.49206602851012]",13,12,12,12.333333333333334
228,"McBirney, James H., House (Tulsa, OK)","Tulsa International Airport (TULSA, OK)","[-95.99728, 36.14234557142857]","[-95.88809967041016, 36.19839859008789]",14,15,16,15.0
229,"Boone County Airport (HARRISON, AR)","NORTH ARKANSAS REGIONAL MEDICAL CENTER (HARRISON, AR)","[-93.15470123291016, 36.26150131225586]","[-93.10913937, 36.23653136]",8,11,6,8.333333333333334
230,"US Post Office-Great Neck (Great Neck Plaza, NY)","Bunche, Ralph, House (New York, NY)","[-73.72247625242753, 40.78758435]","[-73.8372014490608, 40.706706870923554]",18,16,24,19.333333333333332
231,"Cordova House (Tucson, AZ)","CARONDELET ST JOSEPH'S HOSPITAL (TUCSON, AZ)","[-110.9751008927603, 32.22577206889942]","[-110.8551215, 32.22650613]",12,14,14,13.333333333333334
232,"HIALEAH HOSPITAL (HIALEAH, FL)","Miami International Airport (MIAMI, FL)","[-80.26896162, 25.84556182]","[-80.29060363769531, 25.79319953918457]",18,20,20,19.333333333333332
233,"Skinner, Horace A., House (Beaver, UT)","Burt, William, House (Beaver, UT)","[-112.6410950910028, 38.27174887586498]","[-112.63234201194626, 38.27432502195675]",5,7,5,5.666666666666667
234,"Portier, Bishop, House (Mobile, AL)","Spring Hill College Quadrangle (Mobile, AL)","[-88.0440000945946, 30.69042282432432]","[-88.14222167857143, 30.697647785714285]",8,11,13,10.666666666666666
235,"Chicago Executive Airport (CHICAGO/PROSPECT HEIGHTS/WHEELING, IL)","Chicago O'Hare International Airport (CHICAGO, IL)","[-87.901494, 42.114222]","[-87.9048, 41.9786]",13,16,20,16.333333333333332
236,"Lombard, Alvin O., House (Waterville, ME)","LINCOLNHEALTH -MILES CAMPUS (DAMARISCOTTA, ME)","[-69.63240750379437, 44.5508035]","[-69.53066139, 44.02612933]",17,19,19,18.333333333333332
237,"FAYETTE COUNTY MEMORIAL HOSPITAL (WASHINGTON CH, OH)","MERCY HOSPITAL ANDERSON (CINCINNATI, OH)","[-83.42709496, 39.54785694]","[-84.34890293, 39.08568551]",23,27,26,25.333333333333332
238,"VIBRA HOSPITAL OF SOUTHWESTERN MASSACHUSETTS (NEW BEDFORD, MA)","Olmsted, Frederick Law, House, National Historic Site (Brookline, MA)","[-70.94575361, 41.74072523]","[-71.13230874472666, 42.3253679]",26,21,24,23.666666666666668
239,"North Carolina Mutual Life Insurance Company Building (Durham, NC)","Daniels, Josephus, House (Raleigh, NC)","[-78.90097991410586, 35.99598567791754]","[-78.64746763910188, 35.79891931980152]",13,10,12,11.666666666666666
240,"Brigham's Tavern (Coventry, CT)","ST VINCENT'S MEDICAL CENTER (BRIDGEPORT, CT)","[-72.3146646, 41.7995396]","[-73.20170224, 41.20104518]",21,20,21,20.666666666666668
241,"Frantz, William, School (New Orleans, LA)","REGENCY HOSPITAL OF COVINGTON (COVINGTON, LA)","[-90.03361824782793, 29.9766647]","[-90.13503711, 30.45843446]",24,15,16,18.333333333333332
242,"HAYES GREEN BEACH MEMORIAL HOSPITAL (CHARLOTTE, MI)","Oakhill (Marshall, MI)","[-84.83195196, 42.5653255]","[-84.961141, 42.27534744444444]",8,10,10,9.333333333333334
243,"Church of the Messiah (Louisville, KY)","Ford Motor Plant (Louisville, KY)","[-85.7584336, 38.2438233]","[-85.83309248738715, 38.23483615]",11,13,16,13.333333333333334
244,"Whit's Diner (Framingham, MA)","Brooks, Luther, House (Cambridge, MA)","[-71.43249196815594, 42.275689196082446]","[-71.1130876918281, 42.37654755]",21,25,28,24.666666666666668
245,"Sears, Roebuck and Company Complex (Chicago, IL)","ADVOCATE CHRIST HOSPITAL & MEDICAL CENTER (OAK LAWN, IL)","[-87.71053720403054, 41.86963932494663]","[-87.73244225, 41.72169452]",14,17,21,17.333333333333332
246,"VIBRA HOSPITAL OF SOUTHEASTERN MI - TAYLOR CAMPUS (TAYLOR, MI)","Bennett, Henry, House (Ann Arbor, MI)","[-83.27709023, 42.23477629]","[-83.74438650105763, 42.2789984]",18,26,19,21.0
247,"SUMMERVILLE MEDICAL CENTER (SUMMERVILLE, SC)","Presqui'ile (Charleston, SC)","[-80.15760709, 32.96587788]","[-79.933064, 32.795546]",12,16,20,16.0
248,"KELLER ARMY COMMUNITY HOSPITAL (WEST POINT, NY)","Draper, John W., House (Hastings-on-Hudson, NY)","[-73.97713704, 41.40187124]","[-73.88107900638177, 41.00145872265711]",25,25,27,25.666666666666668
249,"PELHAM MEDICAL CENTER (GREER, SC)","Greenville Downtown Airport (GREENVILLE, SC)","[-82.2185913, 34.86248358]","[-82.350217, 34.847903]",12,12,13,12.333333333333334
250,"Van Zandt County Regional Airport (WILLS POINT, TX)","TEXAS HEALTH HOSPITAL (CARROLLTON, TX)","[-95.9841, 32.681499]","[-96.89841644, 32.98553017]",15,17,17,16.333333333333332
251,"Tree Studio Building and Annexes (Chicago, IL)","ADVENTIST LA GRANGE MEMORIAL HOSPITAL (LA GRANGE, IL)","[-87.62785670409227, 41.89255468853246]","[-87.88639493, 41.79706055]",22,19,21,20.666666666666668
252,"Public Service Building (Denver, CO)","PEAK VIEW BEHAVIORAL HEALTH (COLORADO SPRINGS, CO)","[-104.99569111283242, 39.7455712]","[-104.7897384, 38.91071383]",13,19,22,18.0
253,"Wadsworth Atheneum (Hartford, CT)","Whitfield, Henry, House (Guilford, CT)","[-72.67315271657175, 41.764080044025306]","[-72.6752871, 41.278211]",33,21,21,25.0
254,"Indian University of Tahlequah (Tahlequah, OK)","Mincks-Adams Hotel (Tulsa, OK)","[-94.97234820904124, 35.91808338866049]","[-95.7817732041032, 36.05515201666905]",13,17,20,16.666666666666668
255,"SOUTHWESTERN VERMONT MEDICAL CENTER (BENNINGTON, VT)","BRATTLEBORO MEMORIAL HOSPITAL (BRATTLEBORO, VT)","[-73.20767064, 42.87418238]","[-72.56561831, 42.84351274]",12,16,19,15.666666666666666
256,"Titcomb, Benaiah, House (Essex, MA)","Meeting House of the Second Parish in Woburn (Burlington, MA)","[-70.79855060741389, 42.6514585]","[-71.19980772124698, 42.5040119]",13,14,17,14.666666666666666
257,"New York Stewart International Airport (NEWBURGH, NY)","HEALTHALLIANCE HOSPITAL - BROADWAY CAMPUS (KINGSTON, NY)","[-74.104797, 41.504101]","[-73.99484207, 41.92665841]",14,12,15,13.666666666666666
258,"Ada Regional Airport (ADA, OK)","ALLIANCEHEALTH DURANT (DURANT, OK)","[-96.671988, 34.805214]","[-96.39342792, 34.00715192]",22,24,27,24.333333333333332
259,"Portland International Jetport (PORTLAND, ME)","MAINEGENERAL MEDICAL CENTER (AUGUSTA, ME)","[-70.309303, 43.646198]","[-69.78044589, 44.362584]",27,19,19,21.666666666666668
260,"Outen, R.F., Pottery (Matthews, NC)","NOVANT HEALTH HUNTERSVILLE MEDICAL CENTER (HUNTERSVILLE, NC)","[-80.72901413314948, 35.1150487]","[-80.8602609, 35.40644418]",22,17,18,19.0
261,"Stockyards Exchange (South St. Paul, MN)","Central Presbyterian Church (St. Paul, MN)","[-93.0349059265976, 44.89331945]","[-93.0947728217252, 44.9478193594019]",9,12,9,10.0
262,"Marshall, Gen. George C., House (Leesburg, VA)","Quantico Marine Corps Airfield / Turner Field (QUANTICO, VA)","[-77.52317103977441, 39.11387637143399]","[-77.305298, 38.501701]",23,26,27,25.333333333333332
263,"Boeing Field King County International Airport (SEATTLE, WA)","Rhodes Medical Arts Building (Tacoma, WA)","[-122.302002, 47.529999]","[-122.441681, 47.25653175]",16,27,26,23.0
264,"New Bedford Regional Airport (NEW BEDFORD, MA)","Belmont Club/John Young House (Fall River, MA)","[-70.95690155029297, 41.67610168457031]","[-71.15436761572062, 41.7035157]",16,13,17,15.333333333333334
265,"MERITUS MEDICAL CENTER (HAGERSTOWN, MD)","LEVINDALE HEBREW GERIATRIC CENTER & HOSPITAL (BALTIMORE, MD)","[-77.68256295, 39.62219281]","[-76.66465411, 39.3545806]",25,24,27,25.333333333333332
266,"OGDEN REGIONAL MEDICAL CENTER (OGDEN, UT)","South Valley Regional Airport (SALT LAKE CITY, UT)","[-111.9703899, 41.16437751]","[-111.992996, 40.619499]",18,22,21,20.333333333333332
267,"Yuma County Courthouse (Yuma, AZ)","Caruthers House (Yuma, AZ)","[-114.62222959093808, 32.72355695660318]","[-114.78009121189172, 32.49089607599776]",12,13,16,13.666666666666666
268,"Jonesboro Municipal Airport (JONESBORO, AR)","Woodruff County Courthouse (Augusta, AR)","[-90.64640045166016, 35.83169937133789]","[-91.364983, 35.287357]",16,13,14,14.333333333333334
269,"HIGHLAND RIDGE HOSPITAL (MIDVALE, UT)","Neuhausen, Carl M., House (Salt Lake City, UT)","[-111.8967095, 40.61774314]","[-111.888321, 40.74199088461538]",17,14,14,15.0
270,"Clemence-Irons House (Johnston, RI)","Lippitt Mill (West Warwick, RI)","[-71.48487063938111, 41.84066074464853]","[-71.52722003145105, 41.72053601190865]",13,15,18,15.333333333333334
271,"Modern Auto Court (Albuquerque, NM)","Los Duranes Chapel (Albuquerque, NM)","[-106.60309504081631, 35.07947118367347]","[-106.67503238926174, 35.11081301342281]",10,11,13,11.333333333333334
272,"North Christian Church (Columbus, IN)","Columbus Municipal Airport (COLUMBUS, IN)","[-85.91632908668348, 39.22903657075423]","[-85.895576, 39.262386]",9,11,12,10.666666666666666
273,"Trimble House (Lonoke, AR)","Sanders House (Little Rock, AR)","[-91.94891005, 35.0191964]","[-92.28118, 34.728658]",17,23,27,22.333333333333332
274,"MERCY HOSPITAL AURORA (AURORA, MO)","LAKELAND BEHAVIORAL HEALTH SYSTEM (SPRINGFIELD, MO)","[-93.71010648, 36.96981498]","[-93.29521862, 37.20580126]",11,15,18,14.666666666666666
275,"Old Land Office Building (Austin, TX)","THE HOSPITAL AT WESTLAKE MEDICAL CENTER (AUSTIN, TX)","[-97.740949, 30.2727892]","[-97.82458178, 30.29532138]",15,12,14,13.666666666666666
276,"Beal-Burrow Dry Goods Building (Little Rock, AR)","SALINE MEMORIAL HOSPITAL (BENTON, AR)","[-92.269838, 34.747944]","[-92.58599017, 34.5733526]",15,18,15,16.0
277,"Tyler, Solomon, House (Branford, CT)","BRISTOL HOSPITAL (BRISTOL, CT)","[-72.78726006254425, 41.29249246853864]","[-72.93551293, 41.67634286]",26,28,30,28.0
278,"MCKAY-DEE HOSPITAL CENTER (OGDEN, UT)","LOGAN REGIONAL HOSPITAL (LOGAN, UT)","[-111.9533733, 41.18265762]","[-111.8221832, 41.75568064]",19,21,21,20.333333333333332
279,"METROWEST MEDICAL CENTER - FRAMINGHAM CAMPUS (FRAMINGHAM, MA)","Thorndike, Capt. John, House (Beverly, MA)","[-71.4186, 42.2852]","[-70.85834276025076, 42.55371455]",26,17,19,20.666666666666668
280,"Wheeler, James E., House (Portland, OR)","WEST VALLEY HOSPITAL (DALLAS, OR)","[-122.6955847394329, 45.50875475]","[-123.3103384, 44.91878607]",15,19,24,19.333333333333332
281,"Cobb County International Airport-McCollum Field (ATLANTA, GA)","SAINT JOSEPHS HOSPITAL OF ATLANTA (SANDY SPRINGS, GA)","[-84.59721, 34.01316]","[-84.3489835, 33.90875798]",22,24,25,23.666666666666668
282,"ANDROSCOGGIN VALLEY HOSPITAL (BERLIN, NH)","LITTLETON REGIONAL HEALTHCARE (LITTLETON, NH)","[-71.1552539, 44.4869509]","[-71.82555904, 44.31793388]",13,16,19,16.0
283,"First Parish Church (Dover, NH)","Portsmouth International at Pease Airport (PORTSMOUTH, NH)","[-70.87400136579706, 43.1911889]","[-70.8233032227, 43.0778999329]",12,12,15,13.0
284,"Old Governor's Mansion (Columbus, OH)","Bissman Block (Mansfield, OH)","[-82.9680570612245, 39.96607385714285]","[-82.51566820455967, 40.76369145]",13,32,34,26.333333333333332
285,"LeMoyne, F. Julius, House (Washington, PA)","ALLEGHENY VALLEY HOSPITAL (NATRONA HEIGHTS, PA)","[-80.24315163347744, 40.16811997946501]","[-79.73675135, 40.61828482]",25,42,45,37.333333333333336
286,"ST. LANDRY EXTENDED CARE HOSPITAL (OPELOUSAS, LA)","M M O REHABILITATION AND WELLNESS CENTER (PLAQUEMINE, LA)","[-92.07961315, 30.47171629]","[-91.24503279, 30.26191043]",19,18,20,19.0
287,"ROGER WILLIAMS MEDICAL CENTER (PROVIDENCE, RI)","Wanton-Lyman-Hazard House (Newport, RI)","[-71.43538964, 41.83483869]","[-71.312676, 41.490825]",22,18,20,20.0
288,"Barnes, James B., House (Cambridge, MA)","Barnard Block (Andover, MA)","[-71.07938625791519, 42.37211565]","[-71.13178415535593, 42.64320602894755]",13,14,16,14.333333333333334
289,"LONG ISLAND JEWISH VALLEY STREAM (VALLEY STREAM, NY)","ST. CATHERINE OF SIENA MEDICAL CENTER (SMITHTOWN, NY)","[-73.6862992, 40.6811275]","[-73.22299673, 40.86850019]",27,33,38,32.666666666666664
290,"First National Bank (Columbia, SC)","Union Station (Columbia, SC)","[-81.0341553429688, 34.0038354]","[-81.04072971667081, 34.017348818291495]",5,7,7,6.333333333333333
291,"Andover National Bank (Andover, MA)","Lawrence Municipal Airport (LAWRENCE, MA)","[-71.14059072505967, 42.6559913]","[-71.1233978271, 42.7172012329]",7,9,9,8.333333333333334
292,"Porcher House (Cocoa, FL)","Orlando Sanford International Airport (ORLANDO, FL)","[-80.72527031121821, 28.354340597651955]","[-81.23750305175781, 28.7775993347168]",17,17,20,18.0
293,"Middletown Alms House (Middletown, CT)","Restmore (Fairfield, CT)","[-72.6517426046928, 41.5485473]","[-73.279588, 41.1556498]",22,31,33,28.666666666666668
294,"Jim Hamilton L.B. Owens Airport (COLUMBIA, SC)","WILLOW LANE INFIRMARY (COLUMBIA, SC)","[-80.9952011108, 33.970500946]","[-81.11140112, 34.07261656]",29,21,21,23.666666666666668
295,"Adrian Engine House No. 1 (Adrian, MI)","Fisher Building (Detroit, MI)","[-84.0367087755102, 41.89730857142857]","[-83.07726907266962, 42.36957545]",19,17,21,19.0
296,"LAUREL HEIGHTS HOSPITAL (ATLANTA, GA)","Fulton County Airport Brown Field (ATLANTA, GA)","[-84.3453322, 33.78008904]","[-84.5214004517, 33.7790985107]",20,13,15,16.0
297,"Odd Fellows Lodge (Bel Air, MD)","Hilton (Catonsville, MD)","[-76.34860974477056, 39.53700665]","[-76.73469767950147, 39.25189365]",21,23,22,22.0
298,"Kirkwood House (Iowa City, IA)","MERCY HOSPITAL (IOWA CITY, IA)","[-91.519382, 41.649366]","[-91.52790136, 41.66387148]",6,7,7,6.666666666666667
299,"SELECT SPECIALTY HOSPITAL - ORLANDO SOUTH (ORLANDO, FL)","Orlando Sanford International Airport (ORLANDO, FL)","[-81.37017523, 28.4773875]","[-81.23750305175781, 28.7775993347168]",18,16,17,17.0
300,"Wilson, Shoreborne, House (Ipswich, MA)","Hopestill Bent Tavern (Wayland, MA)","[-70.83642387270041, 42.67921985]","[-71.37029806873883, 42.3418191]",12,24,26,20.666666666666668
301,"McKellar-Sipes Regional Airport (JACKSON, TN)","PERRY COMMUNITY HOSPITAL (LINDEN, TN)","[-88.915604, 35.599899]","[-87.86375527, 35.59232333]",15,11,15,13.666666666666666
302,"SPRINGFIELD HOSPITAL (SPRINGFIELD, VT)","BRATTLEBORO RETREAT (BRATTLEBORO, VT)","[-72.4946524, 43.29801947]","[-72.56138763, 42.85917149]",15,21,24,20.0
303,"Salem Diner (Salem, MA)","Billings, Frederick, House (Cambridge, MA)","[-70.8955425647436, 42.5014903]","[-71.12051138995562, 42.391699]",28,24,24,25.333333333333332
304,"John Wayne Orange County International Airport (SANTA ANA, CA)","Jack Northrop Field Hawthorne Municipal Airport (HAWTHORNE, CA)","[-117.867996, 33.675701]","[-118.334999, 33.922798]",18,17,14,16.333333333333332
305,"SALEM HOSPITAL (SALEM, OR)","Newport Municipal Airport (NEWPORT, OR)","[-123.034071, 44.93270934]","[-124.057999, 44.580399]",15,21,22,19.333333333333332
306,"Stratford Junior High School (Arlington, VA)","Quantico Marine Corps Airfield / Turner Field (QUANTICO, VA)","[-77.11141065011167, 38.90004875]","[-77.305298, 38.501701]",19,24,26,23.0
307,"Liberty Hall (Oakland, CA)","DAMERON HOSPITAL (STOCKTON, CA)","[-122.26654477307424, 37.79736314122771]","[-121.300983, 37.96167326]",13,20,21,18.0
308,"Sparks, Gov. Chauncy, House (Eufaula, AL)","JACK HUGHSTON MEMORIAL HOSPITAL (PHENIX CITY, AL)","[-85.14291087670556, 31.892874977815712]","[-85.00888474, 32.50801426]",14,16,19,16.333333333333332
309,"HEALTHSOUTH NEW ENGLAND REH AT LOWELL (LOWELL, MA)","BETH ISRAEL DEACONESS HOSPITAL - NEEDHAM (NEEDHAM, MA)","[-71.36692968, 42.64518936]","[-71.2369, 42.2771]",18,36,38,30.666666666666668
310,"DANBURY HOSPITAL (DANBURY, CT)","Hatheway House (Suffield, CT)","[-73.44619486, 41.4050509]","[-72.6524047, 41.9805164]",15,24,25,21.333333333333332
311,"Daytona Beach International Airport (DAYTONA BEACH, FL)","FLORIDA HOSPITAL DELAND (DELAND, FL)","[-81.058098, 29.179899]","[-81.31734404, 29.04365274]",11,13,14,12.666666666666666
312,"Cheney Building (Hartford, CT)","Wood, Harcourt, Memorial Library (Derby, CT)","[-72.67247734381229, 41.76788075]","[-73.0892523922522, 41.3261762195688]",17,18,14,16.333333333333332
313,"HARRISON COUNTY COMMUNITY HOSPITAL (BETHANY, MO)","Daviess County Rotary Jail and Sheriff's Residence (Gallatin, MO)","[-94.02565859, 40.26453881]","[-93.96379687755102, 39.91537408163265]",14,13,14,13.666666666666666
314,"Public Service Building (Denver, CO)","SAINT JOSEPH HOSPITAL (DENVER, CO)","[-104.99569111283242, 39.7455712]","[-104.96969, 39.74537034]",7,9,7,7.666666666666667
315,"Saxonia House (Farmington, WI)","HOLY FAMILY MEMORIAL INC (MANITOWOC, WI)","[-88.05659777689526, 43.49811100850157]","[-87.67649578, 44.09465466]",15,17,15,15.666666666666666
316,"Chicago Executive Airport (CHICAGO/PROSPECT HEIGHTS/WHEELING, IL)","Jewelers' Building (Chicago, IL)","[-87.901494, 42.114222]","[-87.62270386278824, 41.740026699674345]",18,15,17,16.666666666666668
317,"UH GEAUGA MEDICAL CENTER (CHARDON, OH)","Lawnfield-James A. Garfield Estate (Additional Documentation and Boundary Clarification) (Mentor, OH)","[-81.18909279, 41.509258]","[-81.35093255521595, 41.6639835]",15,18,20,17.666666666666668
318,"LAKEVIEW MED CENTER (RICE LAKE, WI)","WESTFIELDS HOSPITAL (NEW RICHMOND, WI)","[-91.75912821, 45.50646122]","[-92.55550038, 45.11776075]",25,24,26,25.0
319,"Langstroth Cottage (Oxford, OH)","TRIHEALTH EVENDALE MEDICAL CENTER (CINCINNATI, OH)","[-84.73018628939191, 39.5066746]","[-84.42041236, 39.25148913]",14,16,16,15.333333333333334
320,"Hotel del Ming (Yuma, AZ)","Jackson, E.B., House (Yuma, AZ)","[-114.616174, 32.722682]","[-114.78127514865112, 32.48814913433608]",11,14,16,13.666666666666666
321,"St. Paul's Episcopal Church (Yuma, AZ)","Pauley Apartments (Yuma, AZ)","[-114.77999363265306, 32.490111142857145]","[-114.62560928481736, 32.725286440038694]",11,6,8,8.333333333333334
322,"Borden, N. B., School (Fall River, MA)","METROWEST MEDICAL CENTER - LEONARD MORSE CAMPUS (NATICK, MA)","[-71.1592606833828, 41.69693348047544]","[-71.3356, 42.28]",17,27,27,23.666666666666668
323,"McGrew, James Clark, House (Kingwood, WV)","Kern's Fort (Morgantown, WV)","[-79.66858017816593, 39.46788364574934]","[-79.94966820408163, 39.62521404081633]",9,13,18,13.333333333333334
324,"Portsmouth International at Pease Airport (PORTSMOUTH, NH)","Ashland Town Hall (Ashland, NH)","[-70.8233032227, 43.0778999329]","[-71.63201698336415, 43.69606474136785]",16,23,26,21.666666666666668
325,"Carlinville Chapter House (Carlinville, IL)","ILLINI COMMUNITY HOSPITAL (PITTSFIELD, IL)","[-89.87709040238154, 39.2789299025054]","[-90.8151327, 39.60744348]",16,12,14,14.0
326,"LAUREL REGIONAL MEDICAL CENTER (LAUREL, MD)","Compton Bassett (Upper Marlboro, MD)","[-76.88120724, 39.08679628]","[-76.71826266113662, 38.81543345]",16,16,19,17.0
327,"Leesburg International Airport (LEESBURG, FL)","Kissimmee Gateway Airport (ORLANDO, FL)","[-81.80870056, 28.82309914]","[-81.4371032715, 28.2898006439]",17,15,18,16.666666666666668
328,"Germania Building (Milwaukee, WI)","Okauchee House (Okauchee, WI)","[-87.91248650766431, 43.0398875]","[-88.439466, 43.1213675]",19,21,20,20.0
329,"Wilmington Airpark (WILMINGTON, OH)","Hatch, George, House (Cincinnati, OH)","[-83.792098999, 39.427898407]","[-84.52824571540884, 39.118478800000005]",20,19,26,21.666666666666668
330,"Billings, Frederick, House (Cambridge, MA)","WHITTIER PAVILION (HAVERHILL, MA)","[-71.12051138995562, 42.391699]","[-71.07317637, 42.77854696]",25,28,25,26.0
331,"House at 2203 New Mexico (Las Vegas, NM)","Building at 1406 Romero (Las Vegas, NM)","[-105.23241001960784, 35.59377597058823]","[-105.23156896410978, 35.58724038994449]",7,7,9,7.666666666666667
332,"McCord House (Columbia, SC)","South Carolina State Hospital, Mills Building (Columbia, SC)","[-81.02793855452487, 34.00012835]","[-81.03329414101644, 34.014454900000004]",10,8,10,9.333333333333334
333,"Sawyer House (Boxford, MA)","Brown House (Hamilton, MA)","[-70.97675223796062, 42.62813835]","[-70.85102471935441, 42.61629215000001]",9,12,15,12.0
334,"Old Governor's Mansion (Frankfort, KY)","Allison-Barrickman House (Boundary Increase) (Louisville, KY)","[-84.87345401893712, 38.19916097338565]","[-85.61883692682272, 38.32053125]",11,18,19,16.0
335,"Groton New London Airport (GROTON, CT)","Goodman, Timothy, House (West Hartford, CT)","[-72.045097, 41.330101]","[-72.7302831, 41.7451952]",13,16,18,15.666666666666666
336,"Pony Express Stables (St. Joseph, MO)","TRUMAN MEDICAL CENTER - HOSPITAL HILL (KANSAS CITY, MO)","[-94.84857395, 39.75604775]","[-94.57531678, 39.08453615]",16,18,19,17.666666666666668
337,"NOLAND HOSPITAL ANNISTON (ANNISTON, AL)","LAKE MARTIN COMMUNITY HOSPITAL (DADEVILLE, AL)","[-85.82323962, 33.65565519]","[-85.74113991, 32.81859857]",20,24,24,22.666666666666668
338,"Old Bethel United Methodist Church (Charleston, SC)","Russell, Nathaniel, House (Charleston, SC)","[-79.94174447567401, 32.78428439250598]","[-79.93117348214287, 32.773958]",6,4,6,5.333333333333333
339,"SGT. JOHN L. LEVITOW VETERAN'S HEALTH CENTER (ROCKY HILL, CT)","Swallen, James, House (New Canaan, CT)","[-72.65651214, 41.65674059]","[-73.5183176, 41.147766]",15,23,24,20.666666666666668
340,"HEALTHSOUTH NEW ENGLAND REHABILIATION AT BEVERLY (BEVERLY, MA)","Buck, Ephraim, House (Wilmington, MA)","[-70.88723563, 42.56098687]","[-71.15085205931358, 42.54734345]",13,22,25,20.0
341,"Noyes, J.A., House (Cambridge, MA)","Suffolk County Jail (Boston, MA)","[-71.13167465971677, 42.37965995]","[-71.07015767249052, 42.3620681]",9,12,14,11.666666666666666
342,"Slavonian Hall (Tacoma, WA)","FAIRFAX BEHAVIORAL HEALTH MONROE (MONROE, WA)","[-122.4671431631632, 47.27467172699159]","[-121.9884195, 47.86382969]",14,11,12,12.333333333333334
343,"Brabrook, E. H., House (Cambridge, MA)","Richards, Ellen H. Swallow, House (Jamaica Plain, MA)","[-71.12281876878662, 42.38241057726167]","[-71.11766484902532, 42.31151525]",20,27,30,25.666666666666668
344,"HEYWOOD HOSPITAL (GARDNER, MA)","Noyes-Parris House (Wayland, MA)","[-71.9871, 42.5863]","[-71.36200947215666, 42.34530911330676]",17,19,19,18.333333333333332
345,"Turpin-Kofler-Buja House (New Orleans, LA)","Louis Armstrong New Orleans International Airport (NEW ORLEANS, LA)","[-90.07827380367794, 29.92888945]","[-90.258003, 29.993401]",13,18,19,16.666666666666668
346,"Burnham-Patch House (Ipswich, MA)","March, Samuel, House (West Newbury, MA)","[-70.83318109582044, 42.6765374]","[-70.98466805, 42.803216]",12,16,19,15.666666666666666
347,"Camp Hammond (Yarmouth, ME)","Roak Block (Auburn, ME)","[-70.18166139926271, 43.7980084]","[-70.22503283436396, 44.0957011]",17,17,20,18.0
348,"Southern National Bank (Louisville, KY)","Steam Engine Company No. 4 (Louisville, KY)","[-85.75530048979591, 38.25640279591837]","[-85.73990860120301, 38.23591295]",8,8,8,8.0
349,"METROWEST MEDICAL CENTER - FRAMINGHAM CAMPUS (FRAMINGHAM, MA)","Soule, Lawrence, House (Cambridge, MA)","[-71.4186, 42.2852]","[-71.12321354791985, 42.39248075]",21,37,35,31.0
350,"Colorado Springs Day Nursery (Colorado Springs, CO)","Buchtel Bungalow (Denver, CO)","[-104.8229496886569, 38.82441019629927]","[-104.95617001715806, 39.6781718]",10,12,15,12.333333333333334
351,"Golden Swan-True American (Trenton, NJ)","Clay, Henry and Bock and Company Cigar Factory (Trenton, NJ)","[-74.76420399096916, 40.20790232700399]","[-74.74516938127795, 40.2028237]",8,11,13,10.666666666666666
352,"SWEDISHAMERICAN MEDICAL CENTER BELVIDERE (BELVIDERE, IL)","HIGHLAND PARK HOSPITAL (HIGHLAND PARK, IL)","[-88.8397451, 42.24301226]","[-87.80841495, 42.19110677]",22,30,26,26.0
353,"Willard House and Clock Museum (Grafton, MA)","Woodbridge, Thomas March, House (Salem, MA)","[-71.6731235, 42.2389832]","[-70.8885219038839, 42.53284395]",29,24,28,27.0
354,"Wilson, Shoreborne, House (Ipswich, MA)","Suffolk County Jail (Boston, MA)","[-70.83642387270041, 42.67921985]","[-71.07015767249052, 42.3620681]",16,26,29,23.666666666666668
355,"SAINT MARYS HOSPITAL (WATERBURY, CT)","Phelps, Eli, House (Windsor, CT)","[-73.03671049, 41.55320586]","[-72.6758246, 41.8896405]",15,16,18,16.333333333333332
356,"Reedy Chapel-AME Church (Galveston, TX)","WEST OAKS HOSPITAL. (HOUSTON, TX)","[-94.78877202040816, 29.300855204081632]","[-95.498084, 29.70925137]",14,16,16,15.333333333333334
357,"Cable, George Washington, House (New Orleans, LA)","U.S. Mint, New Orleans Branch (New Orleans, LA)","[-90.0866779547194, 29.926707]","[-90.05732619960364, 29.96139167711585]",9,9,11,9.666666666666666
358,"Bangor Mental Health Institute (Bangor, ME)","MAYO REGIONAL HOSPITAL (DOVER FOXCROFT, ME)","[-68.741553, 44.8178848]","[-69.23799293, 45.18767061]",11,15,15,13.666666666666666
359,"Sister Stanislaus Memorial Building (New Orleans, LA)","Grace Memorial Episcopal Church (Hammond, LA)","[-90.0806154, 29.9551533]","[-90.46315301904548, 30.5071018]",15,20,23,19.333333333333332
360,"Pocasset Firehouse No. 7 (Fall River, MA)","Wyeth-Smith House (Cambridge, MA)","[-71.13829459560286, 41.69442755]","[-71.13888312797619, 42.38352895]",22,20,23,21.666666666666668
361,"Hambley-Wallace House (Salisbury, NC)","DAVIS REGIONAL MEDICAL CENTER (STATESVILLE, NC)","[-80.47779254616646, 35.66661947471722]","[-80.82871474, 35.81842867]",13,16,19,16.0
362,"MONTGOMERY COUNTY EMERGENCY SERVICE (NORRISTOWN, PA)","Robeson, Paul, House (Philadelphia, PA)","[-75.355873, 40.135967]","[-75.2214061, 39.9566066]",20,24,27,23.666666666666668
363,"HONORHEALTH REHABILITATION HOSPITAL (SCOTTSDALE, AZ)","ST JOSEPH'S WESTGATE MEDICAL CENTER (GLENDALE, AZ)","[-111.8899363, 33.56161823]","[-112.2755319, 33.54242652]",11,14,13,12.666666666666666
364,"Orlando International Airport (ORLANDO, FL)","Polk Theatre and Office Building (Lakeland, FL)","[-81.30899810791016, 28.429399490356445]","[-81.9572982868793, 28.043793822123423]",12,16,19,15.666666666666666
365,"Battle Creek Executive Airport at Kellogg Field (BATTLE CREEK, MI)","State Office Building (Lansing, MI)","[-85.251503, 42.307301]","[-84.55711614285714, 42.73105855102041]",14,14,17,15.0
366,"Stagg, George T., Distillery (Frankfort, KY)","Breck, Judge Daniel, House (Richmond, KY)","[-84.868449, 38.212665]","[-84.29952948643148, 37.746294848205615]",9,14,17,13.333333333333334
367,"Gillett, Asa, House (West Hartford, CT)","Pine Orchard Union Chapel (Branford, CT)","[-72.7456524, 41.7487024]","[-72.775773, 41.2667013]",26,21,25,24.0
368,"ARBOUR HOSPITAL, THE (BOSTON, MA)","Mechanics Hall (Worcester, MA)","[-71.11227314, 42.31581841]","[-71.80067878518804, 42.26565995]",32,30,33,31.666666666666668
369,"Upham-Wright House (Newark, OH)","John Glenn Columbus International Airport (COLUMBUS, OH)","[-82.41901456970692, 40.063011326976834]","[-82.891899, 39.998001]",13,17,20,16.666666666666668
370,"Bishop's Palace (Galveston, TX)","Williams, Samuel May, House (Galveston, TX)","[-94.78214299624034, 29.3030768]","[-94.80768114389952, 29.287334458955907]",10,10,8,9.333333333333334
371,"Hall of Waters (Excelsior Springs, MO)","Jones, Lewis, House (Independence, MO)","[-94.22235533961558, 39.34155975]","[-94.41404920408164, 39.10598918367347]",16,17,20,17.666666666666668
372,"First Presbyterian Church (Talladega, AL)","Oak Tree Cottage (Anniston, AL)","[-86.10007109673751, 33.43581355645729]","[-85.81913075609756, 33.6550562195122]",12,13,15,13.333333333333334
373,"NASHOBA VALLEY MEDICAL CENTER (AYER, MA)","Stanstead, The (Cambridge, MA)","[-71.5739, 42.5775]","[-71.11297089431196, 42.37335575]",23,28,27,26.0
374,"PARKWAY SURGICAL AND CARDIOVASCULAR HOSPITAL (FORT WORTH, TX)","Baker Hotel (Mineral Wells, TX)","[-97.31290555, 32.89687799]","[-98.11187, 32.80912]",13,18,20,17.0
375,"FRANKLIN MEMORIAL HOSPITAL (FARMINGTON, ME)","SAINT MARYS REGIONAL MEDICAL CENTER (LEWISTON, ME)","[-70.16286718, 44.6266326]","[-70.19978121, 44.10175387]",11,15,18,14.666666666666666
376,"SAINT JOSEPH HOSPITAL (LEXINGTON, KY)","UNIVERSITY OF KY HOSPITAL (LEXINGTON, KY)","[-84.52329929, 38.03233973]","[-84.50744299, 38.03096461]",9,10,12,10.333333333333334
377,"PROVO CANYON BEHAVIORAL HOSPITAL (OREM, UT)","Pleasant Grove Tithing Office (Pleasant Grove, UT)","[-111.6637956, 40.31066902]","[-111.7356302857143, 40.363755673469385]",12,13,16,13.666666666666666
378,"WEST HAVEN VA MEDICAL CENTER (WEST HAVEN, CT)","Ellsworth, Horace H., House (Windsor, CT)","[-72.96120653, 41.28184028]","[-72.6309114, 41.863698]",20,22,18,20.0
379,"FRANKLIN REGIONAL HOSPITAL (FRANKLIN, NH)","Concord Municipal Airport (CONCORD, NH)","[-71.64455273, 43.44840426]","[-71.50229645, 43.20270157]",13,15,18,15.333333333333334
380,"Trout Hall (Allentown, PA)","Leidy, Dr. Joseph, House (Philadelphia, PA)","[-75.48052515743716, 40.598200592557]","[-75.1630295, 39.948103]",22,29,31,27.333333333333332
381,"Shenandoah Valley Regional Airport (WEYERS CAVE, VA)","Hill, A. P., Boyhood Home (Culpeper, VA)","[-78.8964, 38.263802]","[-77.99617971428572, 38.47347777551021]",16,16,19,17.0
382,"Athens Ben Epps Airport (ATHENS, GA)","OCONEE REGIONAL MEDICAL CENTER (MILLEDGEVILLE, GA)","[-83.325634, 33.948842]","[-83.24584144, 33.08943825]",30,21,27,26.0
383,"Glessner, John J., House (Chicago, IL)","Chicago O'Hare International Airport (CHICAGO, IL)","[-87.620874, 41.857796]","[-87.9048, 41.9786]",21,31,33,28.333333333333332
384,"Stehli Silk Mill (Lancaster, PA)","Princeton Club (Philadelphia, PA)","[-76.29385583972038, 40.05577699442291]","[-75.15843074579591, 39.94745773426844]",23,26,31,26.666666666666668
385,"Scowcroft Warehouse (Ogden, UT)","St. Mary Of The Assumption Church and School (Park City, UT)","[-111.94009638189183, 41.22443288208756]","[-111.49486285071126, 40.64012025]",18,18,19,18.333333333333332
386,"McEwan, Peter, Warehouse (Milton, WI)","AURORA MED CENTER-WASHINGTON COUNTY (HARTFORD, WI)","[-88.93855174566352, 42.77270817536267]","[-88.36246156, 43.31840584]",12,21,24,19.0
387,"NORTH CENTRAL BRONX HOSPITAL (BRONX, NY)","ORANGE REGIONAL MEDICAL CENTER (MIDDLETOWN, NY)","[-73.88105711, 40.8803656]","[-74.36831227, 41.44191408]",16,14,18,16.0
388,"Provo-Utah Lake International Airport (PROVO, UT)","Condon, David F. and Elizabeth, House (Park City, UT)","[-111.723, 40.2192]","[-111.50333839005818, 40.65242068083725]",21,20,17,19.333333333333332
389,"Stuart, Charles E., House (Kalamazoo, MI)","HENRY FORD ALLEGIANCE CARELINK (JACKSON, MI)","[-85.59785477580205, 42.29461679830952]","[-84.3855601, 42.25188059]",10,22,26,19.333333333333332
390,"Urban Rowhouse (Cambridge, MA)","Story, Joseph, House (Salem, MA)","[-71.11041003734212, 42.35749050378885]","[-70.89024017266763, 42.525129750000005]",25,25,29,26.333333333333332
391,"Lakefront Airport (NEW ORLEANS, LA)","Louis Armstrong New Orleans International Airport (NEW ORLEANS, LA)","[-90.028297424316, 30.042400360107]","[-90.258003, 29.993401]",12,15,15,14.0
392,"Special Troops Armory (Philadelphia, PA)","Billmeyer, Daniel, House (Philadelphia, PA)","[-75.15054583977397, 40.03517483185437]","[-75.1835985, 40.04840816666667]",5,6,9,6.666666666666667
393,"Post Adjutant's Office (Fort Gibson, OK)","CHEROKEE NATION W. W. HASTINGS HOSPITAL (TAHLEQUAH, OK)","[-95.25106614362517, 35.80219124792078]","[-94.9505388, 35.91183147]",14,20,23,19.0
394,"The Research Studio (Maitland Art Center) (Maitland, FL)","Kissimmee Gateway Airport (ORLANDO, FL)","[-81.36640930020225, 28.625764475547005]","[-81.4371032715, 28.2898006439]",15,14,16,15.0
395,"GRIFFIN HOSPITAL (DERBY, CT)","St. Luke's Episcopal Church (New Haven, CT)","[-73.08920514, 41.335613]","[-72.94055716545535, 41.31600172856729]",12,9,12,11.0
396,"Duggan, Frederic A, First Aid and Emergency Squad Building (Spring Lake, NJ)","Cooke, Dr. Robert W., Medical Office (Holmdel, NJ)","[-74.0349963, 40.1546986]","[-74.16975374300658, 40.3454872]",15,14,17,15.333333333333334
397,"RHODE ISLAND HOSPITAL (PROVIDENCE, RI)","Clemence-Irons House (Johnston, RI)","[-71.40912926, 41.81188108]","[-71.48487063938111, 41.84066074464853]",19,12,14,15.0
398,"MERCY HOSPITAL OF DEFIANCE (DEFIANCE, OH)","FLOWER HOSPITAL (SYLVANIA, OH)","[-84.34023765, 41.28330103]","[-83.69134627, 41.70894065]",17,29,28,24.666666666666668
399,"St. Luke's Chapel (Stamford, CT)","Stanley-Whitman House (Farmington, CT)","[-73.53785404486887, 41.04281571479371]","[-72.8247837, 41.7215704]",20,26,29,25.0
400,"DANBURY HOSPITAL (DANBURY, CT)","Danbury Municipal Airport (DANBURY, CT)","[-73.44619486, 41.4050509]","[-73.482227, 41.371656]",14,13,13,13.333333333333334
401,"LEMUEL SATTUCK HOSPITAL (BOSTON, MA)","Colburn, Sarah Foster, House (Cambridge, MA)","[-71.10174298, 42.299581]","[-71.11042726535851, 42.3700823]",24,26,27,25.666666666666668
402,"Special Troops Armory (Philadelphia, PA)","ST LUKE'S HOSPITAL ANDERSON CAMPUS (EASTON, PA)","[-75.15054583977397, 40.03517483185437]","[-75.28782091, 40.64914776]",30,14,27,23.666666666666668
403,"Dexter, Jeremiah, House (Providence, RI)","Marble House (Newport, RI)","[-71.40480379645388, 41.846976745365545]","[-71.30567038046584, 41.46206385]",42,17,17,25.333333333333332
404,"Steam Engine Company No. 7 (Louisville, KY)","BAPTIST HOSPITAL LOUISVILLE (LOUISVILLE, KY)","[-85.76184120570127, 38.24380755]","[-85.6371443, 38.23811825]",17,13,17,15.666666666666666
405,"HEALTHSOUTH REHABILITATION HOSPITAL OF ROCK HILL (ROCK HILL, SC)","G WERBER BRYAN PSYCHIATRIC HOSPITAL (COLUMBIA, SC)","[-81.05259095, 34.95868973]","[-80.9828722, 34.08586316]",16,21,21,19.333333333333332
406,"Strand Theatre (Lakewood, NJ)","HUNTERDON MEDICAL CENTER (FLEMINGTON, NJ)","[-74.21551376184553, 40.09425305]","[-74.860858, 40.53141456]",28,34,36,32.666666666666664
407,"Central Kentucky Regional Airport (RICHMOND, KY)","Julian Carroll Airport (JACKSON, KY)","[-84.332298, 37.630798]","[-83.31729888916016, 37.59389877319336]",20,20,20,20.0
408,"REGENCY HOSPITAL OF CLEVELAND EAST (WARRENSVILLE HTS, OH)","Cuyahoga County Airport (CLEVELAND, OH)","[-81.50658603, 41.43225469]","[-81.4863967896, 41.5651016235]",12,16,14,14.0
409,"Buena Vista House (East Troy, WI)","AURORA ST LUKES MED CTR SOUTH SHORE (CUDAHY, WI)","[-88.40481537458899, 42.78615489924917]","[-87.85117278, 42.93633907]",18,17,19,18.0
410,"Alsop, Carroll, House (Oskaloosa, IA)","Lamberson, Jack, House (Oskaloosa, IA)","[-92.62301489752448, 41.296306]","[-92.62359477008718, 41.30262869755718]",5,4,6,5.0
411,"Goldman House (Piscataway Township, NJ)","Old Schoolhouse (Mount Holly, NJ)","[-74.4325336950834, 40.53099099840789]","[-74.786106017127, 39.9949821]",17,17,19,17.666666666666668
412,"Athens Ben Epps Airport (ATHENS, GA)","DEKALB MEDICAL CENTER AT NORTH DECATUR (DECATUR, GA)","[-83.325634, 33.948842]","[-84.2829101, 33.79108914]",22,18,21,20.333333333333332
413,"ROGER WILLIAMS MEDICAL CENTER (PROVIDENCE, RI)","Lawton-Almy-Hall Farm (Portsmouth, RI)","[-71.43538964, 41.83483869]","[-71.27458701868696, 41.5592585329356]",18,15,17,16.666666666666668
414,"AURORA MED CENTER-WASHINGTON COUNTY (HARTFORD, WI)","Thorstrand (Madison, WI)","[-88.36246156, 43.31840584]","[-89.48173597487698, 43.08962473434174]",22,18,21,20.333333333333332
415,"FLORENCE HOSPITAL AT ANTHEM (FLORENCE, AZ)","ARIZONA STATE FORENSIC HOSPITAL (PHOENIX, AZ)","[-111.4856887, 33.07313487]","[-112.0293436, 33.45504438]",14,24,26,21.333333333333332
416,"HEALTHSOUTH REHABILITATION HOSPITAL OF COLUMBIA (COLUMBIA, SC)","Benson, Florence C., Elementary School (Columbia, SC)","[-81.02857281, 34.02774805]","[-81.02335450877649, 33.990900748749496]",13,14,16,14.333333333333334
417,"Black Student Union Center (Tiffin, OH)","MERCY REGIONAL MEDICAL CENTER (LORAIN, OH)","[-83.16741905050505, 41.1130779040404]","[-82.23716353, 41.43652454]",27,28,20,25.0
418,"Oldfields (Indianapolis, IN)","Columbus Municipal Airport (COLUMBUS, IN)","[-86.18287201799401, 39.82475624900089]","[-85.895576, 39.262386]",14,34,30,26.0
419,"Beggarstown School (Philadelphia, PA)","BROOKE GLEN BEHAVIORAL HOSPITAL (FORT WASHINGTON, PA)","[-75.1855712962963, 40.05203172222223]","[-75.21569308, 40.13471801]",17,8,15,13.333333333333334
420,"Browne, Abraham, House (Watertown, MA)","Borden, Ariadne J. and Mary A., House (Fall River, MA)","[-71.20059057589441, 42.37208555]","[-71.17878083522191, 41.6895788]",21,44,46,37.0
421,"Poplar Grove Plantation House (Port Allen, LA)","Hanson Lumber Company Office (Garden City, LA)","[-91.20344530021572, 30.49251040350659]","[-91.46662, 29.765753]",24,13,16,17.666666666666668
422,"WILLIAM W BACKUS HOSPITAL (NORWICH, CT)","Marsh, Othniel C., House (New Haven, CT)","[-72.08931881, 41.54277356]","[-72.9238167765166, 41.3217138]",17,15,16,16.0
423,"Groton New London Airport (GROTON, CT)","Baldwin, Timothy, House (Branford, CT)","[-72.045097, 41.330101]","[-72.7817817, 41.2859538]",12,17,20,16.333333333333332
424,"Barnard's Mill (Glen Rose, TX)","HEALTHSOUTH REHABILITATION HOSPITAL OF THE MID-CITIES (BEDFORD, TX)","[-97.7568253, 32.2319276]","[-97.1132574, 32.84533965]",16,18,22,18.666666666666668
425,"Lehigh Valley International Airport (ALLENTOWN, PA)","Muhlenberg, Henry Melchoir, House (Trappe, PA)","[-75.442797, 40.651773]","[-75.47121753478403, 40.19665448288682]",19,30,33,27.333333333333332
426,"Coxhead, Ernest, House (San Mateo, CA)","THUNDER ROAD CHEMICAL DEPENDENCY RECOVERY HOSPITAL (OAKLAND, CA)","[-122.33287112820511, 37.56977320512821]","[-122.2593071, 37.82873934]",19,22,22,21.0
427,"Dickinson, Gen. Philemon, House (Trenton, NJ)","East Orange Station (East Orange, NJ)","[-74.78397229140012, 40.22724683952869]","[-74.211017, 40.761580711538464]",23,21,22,22.0
428,"Goldman House (Piscataway Township, NJ)","Smith, Thomas, House (Mount Laurel, NJ)","[-74.4325336950834, 40.53099099840789]","[-74.91618316988689, 39.91892363143901]",18,18,24,20.0
429,"Provo-Utah Lake International Airport (PROVO, UT)","Welch-Sherman House (Park City, UT)","[-111.723, 40.2192]","[-111.49354488295944, 40.638866846043854]",22,18,15,18.333333333333332
430,"Hapgood House (Stow, MA)","Barnard Block (Andover, MA)","[-71.50918165671348, 42.420607450000006]","[-71.13178415535593, 42.64320602894755]",18,24,27,23.0
431,"Brown House (Yuma, AZ)","YUMA REHABILITATION HOSPITAL (YUMA, AZ)","[-114.62097421428572, 32.72284078571428]","[-114.6300439, 32.68332744]",7,6,8,7.0
432,"NEW MILFORD HOSPITAL (NEW MILFORD, CT)","James Pharmacy (Old Saybrook, CT)","[-73.40955764, 41.58171301]","[-72.3757427, 41.2861748]",23,21,23,22.333333333333332
433,"CHARLOTTE HUNGERFORD HOSPITAL (TORRINGTON, CT)","MILFORD HOSPITAL (MILFORD, CT)","[-73.13311932, 41.7918383]","[-73.06501498, 41.21658463]",19,20,23,20.666666666666668
434,"Cheshire County Courthouse (Keene, NH)","Currier Gallery of Art (Manchester, NH)","[-72.27956, 42.934636]","[-71.455843, 42.997324]",19,21,22,20.666666666666668
435,"RUTLAND REGIONAL MEDICAL CENTER (RUTLAND, VT)","Rutland - Southern Vermont Regional Airport (RUTLAND, VT)","[-72.95526316, 43.59829409]","[-72.9496, 43.5294]",10,12,15,12.333333333333334
436,"Hempstead, Joshua, House (New London, CT)","Magill, Henry, House (Windsor, CT)","[-72.10175765, 41.3526612]","[-72.6294392, 41.8658508]",14,15,18,15.666666666666666
437,"United States Post Office-Chicago (Chicago, IL)","Chicago Board of Trade Building (Chicago, IL)","[-87.6387645, 41.8759856]","[-87.63178479928334, 41.87745025]",9,12,14,11.666666666666666
438,"National Musical String Company (New Brunswick, NJ)","OCEAN MEDICAL CENTER (BRICK, NJ)","[-74.44758128795094, 40.47672630107233]","[-74.13144684, 40.07718301]",13,19,23,18.333333333333332
439,"Bush House (Little Rock, AR)","Trinity Episcopal Cathedral (Little Rock, AR)","[-92.28509534693876, 34.73575197959184]","[-92.276452, 34.7330245]",5,5,6,5.333333333333333
440,"McMechen Lockmaster Houses on the Ohio River (McMechen, WV)","North Central West Virginia Airport (BRIDGEPORT, WV)","[-80.73405370238746, 39.98928430538009]","[-80.228104, 39.2966]",19,24,26,23.0
441,"Longfield (Bristol, RI)","Providence Gas Company Purifier House (Providence, RI)","[-71.279449, 41.697274]","[-71.403553, 41.808117]",11,12,13,12.0
442,"Portland Troutdale Airport (PORTLAND, OR)","Aurora State Airport (AURORA, OR)","[-122.40100097656, 45.54940032959]","[-122.7699966430664, 45.247100830078125]",8,9,12,9.666666666666666
443,"San Luis County Regional Airport (SAN LUIS OBISPO, CA)","LOMPOC VALLEY MEDICAL CENTER COMPREHENSIVE CARE CENTER D/P S (LOMPOC, CA)","[-120.641998291, 35.2368011475]","[-120.4447771, 34.64133085]",13,16,20,16.333333333333332
444,"LIFESTREAM BEHAVIORAL CENTER (LEESBURG, FL)","Grand Army of the Republic Memorial Hall (St. Cloud, FL)","[-81.89548304, 28.83690409]","[-81.284564, 28.247868]",16,21,23,20.0
445,"Goldsboro Union Station (Goldsboro, NC)","Rocky Mount Wilson Regional Airport (ROCKY MOUNT, NC)","[-78.00328, 35.384971]","[-77.891899, 35.8563]",9,10,13,10.666666666666666
446,"Ellsworth, Horace H., House (Windsor, CT)","Salem School (Naugatuck, CT)","[-72.6309114, 41.863698]","[-73.0570600549043, 41.49070515]",20,22,24,22.0
447,"SELECT SPECIALTY HOSPITAL-MIAMI (MIAMI, FL)","BROWARD HEALTH IMPERIAL POINT (FORT LAUDERDALE, FL)","[-80.21063654, 25.77684554]","[-80.1108702, 26.20705176]",19,25,32,25.333333333333332
448,"KINDRED HOSPITAL - KANSAS CITY (KANSAS CITY, MO)","Standard Theatre (Kansas City, MO)","[-94.57437145, 38.96820462]","[-94.58729203087287, 39.1003099]",17,15,12,14.666666666666666
449,"BANNER BEHAVIORAL HEALTH HOSPITAL (SCOTTSDALE, AZ)","HEALTHSOUTH VALLEY OF THE SUN REHABILITATION (GLENDALE, AZ)","[-111.9188788, 33.48320442]","[-112.2038958, 33.60780443]",20,14,16,16.666666666666668
450,"Groton New London Airport (GROTON, CT)","Quinnipiac Brewery (New Haven, CT)","[-72.045097, 41.330101]","[-72.89815565769031, 41.30315324461522]",10,17,20,15.666666666666666
451,"CLINTON HOSPITAL (CLINTON, MA)","Osborne, Prince, House (Danvers, MA)","[-71.6929, 42.4275]","[-70.95352140475816, 42.57374005]",14,22,26,20.666666666666668
452,"El Molino Viejo (Pasadena, CA)","COLLEGE MEDICAL CENTER SOUTH CAMPUS D/P APH (LONG BEACH, CA)","[-118.13138756358843, 34.11795629373509]","[-118.1941391, 33.78828429]",22,27,31,26.666666666666668
453,"ST LUKES UNIVERSITY HOSPITAL - BETHLEHEM (BETHLEHEM, PA)","Maxwell, Ebenezer, House (Philadelphia, PA)","[-75.393363, 40.609357]","[-75.18359889077617, 40.0381988]",27,17,18,20.666666666666668
454,"NEW HORIZONS LANIER PARK HOSPITAL (GAINESVILLE, GA)","HUGHES SPALDING CHILDREN'S HOSPITAL (ATLANTA, GA)","[-83.79500295, 34.32080384]","[-84.33033332, 33.83179232]",18,19,19,18.666666666666668
455,"Building at 136-138 Collins Street (Hartford, CT)","Tolland County Courthouse (Tolland, CT)","[-72.69632095198791, 41.7737937933383]","[-72.3695113, 41.8716486]",11,18,16,15.0
456,"PIONEER VALLEY HOSPITAL (WEST VALLEY CITY, UT)","Bertolini Block (Salt Lake City, UT)","[-111.9908804, 40.69787279]","[-111.89677192271034, 40.74425356364951]",18,20,16,18.0
457,"SCHWAB REHABILITATION CENTER (CHICAGO, IL)","Cook County Hospital Administration Building (Chicago, IL)","[-87.69531666, 41.86229676]","[-87.672698678536, 41.8738521]",11,7,10,9.333333333333334
458,"Brayton Methodist Episcopal Church (Fall River, MA)","YMCA (Salem, MA)","[-71.16950134637565, 41.68895595]","[-70.89494441147569, 42.521523703934]",17,40,40,32.333333333333336
459,"Putnam, Deacon Edward, Jr., House (Middleton, MA)","Blossom, Barnabus, House (Fall River, MA)","[-70.99226416666667, 42.59598762500001]","[-71.148505, 41.706309]",30,14,23,22.333333333333332
460,"Janesville Public Library (Janesville, WI)","University of Wisconsin Dairy Barn (Madison, WI)","[-89.02115295867222, 42.68123275]","[-89.41832460572405, 43.0746733]",23,26,29,26.0
461,"Igor I Sikorsky Memorial Airport (BRIDGEPORT, CT)","Ames, Winslow, House (New London, CT)","[-73.126198, 41.163502]","[-72.1027730096483, 41.37477495]",12,22,25,19.666666666666668
462,"Forge Farm (Warwick, RI)","Nightingale-Brown House (Providence, RI)","[-71.445845999332, 41.641513316025474]","[-71.40309328259916, 41.8224408]",16,18,22,18.666666666666668
463,"Ward, Richard, House (Andover, MA)","Smith, F.W., Silver Company (Gardner, MA)","[-71.15640234340708, 42.668174050000005]","[-71.98635575565177, 42.5781086]",14,33,27,24.666666666666668
464,"Cluff, Harvey H., House (Provo, UT)","Eggertsen, Simon P. Sr., House (Provo, UT)","[-111.65675618367348, 40.23603046938776]","[-111.66787475017064, 40.22862945]",7,7,8,7.333333333333333
465,"SAINT MARYS REGIONAL MEDICAL CENTER (LEWISTON, ME)","Augusta State Airport (AUGUSTA, ME)","[-70.19978121, 44.10175387]","[-69.7973022461, 44.3205986023]",8,13,14,11.666666666666666
466,"Quonset State Airport (NORTH KINGSTOWN, RI)","Smith, Joseph, House (North Providence, RI)","[-71.412101745605, 41.597099304199]","[-71.44951207987343, 41.856177261700594]",23,16,16,18.333333333333332
467,"Harwelden (Tulsa, OK)","LAUREATE PSYCHIATRIC CLINIC AND HOSPITAL (TULSA, OK)","[-95.987357, 36.13217315306122]","[-95.91859307, 36.06595501]",16,16,18,16.666666666666668
468,"Soule, C. S., House (Highland Park, IL)","Fabyan Villa (Geneva, IL)","[-87.79277105789863, 42.1861057]","[-88.31267662064437, 41.87239583318596]",25,11,16,17.333333333333332
469,"Aborn, John, House (Cambridge, MA)","Opposition House (Cambridge, MA)","[-71.1203090623144, 42.391409045349945]","[-71.10680874690667, 42.3696758]",17,15,9,13.666666666666666
470,"MILFORD REGIONAL MEDICAL CENTER (MILFORD, MA)","Picard, Israel, House (Fall River, MA)","[-71.5282, 42.1334]","[-71.128744, 41.69254475]",13,25,28,22.0
471,"Hector International Airport (FARGO, ND)","Northern Pacific Railway Depot (Fargo, ND)","[-96.81580352783205, 46.92070007324219]","[-96.78975067298548, 46.874394644661926]",5,6,8,6.333333333333333
472,"Ramsay, Ronald and Dorcas, House (Atchison, KS)","PROMISE HOSPITAL OF OVERLAND PARK (OVERLAND PARK, KS)","[-95.11439932795136, 39.54663719690503]","[-94.66251323, 38.93986624]",19,14,16,16.333333333333332
473,"Mowry, Tyler, House (North Smithfield, RI)","Perry Mill (Newport, RI)","[-71.50272240266992, 41.96349589999176]","[-71.3151224, 41.484561]",12,19,21,17.333333333333332
474,"UNIVERSITY OF MINNESOTA MEDICAL CENTER-FAIRVIEW-EAST BANK-ER (MINNEAPOLIS, MN)","SHRINERS HOSPITAL FOR CHILDREN (MINNEAPOLIS, MN)","[-93.23194052, 44.97237352]","[-93.21064793, 44.95854425]",8,10,10,9.333333333333334
475,"ARBOUR FULLER HOSPITAL (ATTLEBORO, MA)","Walcott-Whitney House (Stow, MA)","[-71.36112256, 41.92408385]","[-71.48576628091361, 42.4514393]",20,22,22,21.333333333333332
476,"Dominguez Ranch Adobe (Compton, CA)","PARKVIEW COMMUNITY HOSPITAL MEDICAL CENTER (RIVERSIDE, CA)","[-118.21637058620688, 33.86977537931035]","[-117.4393743, 33.92721645]",12,16,20,16.0
477,"Buildings at 104-128 S. Side Sq. (Huntsville, AL)","Phelps-Jones House (Huntsville, AL)","[-86.58486999383001, 34.72982589017432]","[-86.61962067730241, 34.79998018479502]",5,7,7,6.333333333333333
478,"CROTCHED MOUNTAIN REHABILITATION CENTER (GREENFIELD, NH)","Portsmouth International at Pease Airport (PORTSMOUTH, NH)","[-71.87453591, 42.9718711]","[-70.8233032227, 43.0778999329]",30,30,33,31.0
479,"SOUTH COUNTY HEALTH (WAKEFIELD, RI)","Bristol County Jail (Bristol, RI)","[-71.4964111, 41.43107865]","[-71.27485524508094, 41.6696956665322]",19,19,22,20.0
480,"MONMOUTH MEDICAL CENTER (LONG BRANCH, NJ)","EAST ORANGE GENERAL HOSPITAL (EAST ORANGE, NJ)","[-73.9851186, 40.29523893]","[-74.2136014, 40.75460356]",29,40,38,35.666666666666664
481,"BRIDGEPORT HOSPITAL (BRIDGEPORT, CT)","Welles, Gideon, House (Glastonbury, CT)","[-73.16659472, 41.18937738]","[-72.60785840641653, 41.71260668203578]",14,17,19,16.666666666666668
482,"Goldsboro Union Station (Goldsboro, NC)","Kinston Regional Jetport At Stallings Field (KINSTON, NC)","[-78.00328, 35.384971]","[-77.60880279540001, 35.331401825]",9,11,14,11.333333333333334
483,"Presley, Elvis, House (Memphis, TN)","Millington-Memphis Airport (MILLINGTON, TN)","[-89.91981014708054, 35.1033581]","[-89.8703, 35.356701]",11,14,15,13.333333333333334
484,"Glur's Tavern (Columbus, NE)","Osterman and Tremaine Building (Fremont, NE)","[-97.355878, 41.427146]","[-96.49866523469387, 41.433281]",14,13,16,14.333333333333334
485,"PRESENCE SAINT ELIZABETH HOSPITAL (CHICAGO, IL)","RIVERSIDE MEDICAL CENTER (KANKAKEE, IL)","[-87.6863101, 41.90758558]","[-87.88189889, 41.12508686]",21,31,33,28.333333333333332
486,"Ladies Rest Room (Lewisburg, TN)","TRISTAR ASHLAND CITY MEDICAL CENTER (ASHLAND CITY, TN)","[-86.7877855306632, 35.44979763736023]","[-87.06559473, 36.27711959]",17,15,17,16.333333333333332
487,"Sturges, Jonathan, House (Fairfield, CT)","Payne, Daniel, House (Windsor, CT)","[-73.2674521, 41.1466579]","[-72.6531972, 41.8389405]",23,29,32,28.0
488,"Hackensack Water Company Complex (Weehawken, NJ)","HUDSON COUNTY MEADOWVIEW PSYCHIATRIC HOSPITAL (SECAUCUS, NJ)","[-74.020401, 40.7740877]","[-74.06000599, 40.77887634]",12,9,12,11.0
489,"BRIGHAM AND WOMEN'S HOSPITAL (BOSTON, MA)","VA MEDICAL CENTER - WEST ROXBURY DIVISION (WEST ROXBURY, MA)","[-71.1068, 42.3359]","[-71.17169802, 42.2746273]",20,23,23,22.0
490,"Old Baptist Parsonage (Scotch Plains, NJ)","Monastery and Church of Saint Michael the Archangel (Union, NJ)","[-74.3950355, 40.6482826]","[-74.03618907515414, 40.76560915]",21,23,18,20.666666666666668
491,"Hopkins, Gov. Stephen, House (Providence, RI)","Palmer-Northrup House (North Kingstown, RI)","[-71.4064822, 41.825175]","[-71.45940479591837, 41.58338073469388]",14,12,15,13.666666666666666
492,"Larsen, Christen, House (Pleasant Grove, UT)","GEORGE E. WAHLEN DEPARTMENT OF VETERANS AFFAIRS MEDICAL CENTER (SALT LAKE CITY, UT)","[-111.72982350495836, 40.37418652984097]","[-111.840554, 40.75739725]",18,18,22,19.333333333333332
493,"Richardson Silk Mill (Belding, MI)","American Seating Company Factory Complex (Grand Rapids, MI)","[-85.233764, 43.097723]","[-85.68200347938935, 42.978535]",14,14,17,15.0
494,"Sanborn Seminary (Kingston, NH)","St. John's Church (Portsmouth, NH)","[-71.05369528915602, 42.93979855]","[-70.7552226940261, 43.07783727147173]",16,18,20,18.0
495,"Gillis-Grier House (Salisbury, MD)","ADVENTIST BEHAVIORAL HEALTH EASTERN SHORE (CAMBRIDGE, MD)","[-75.598662, 38.370412]","[-76.05799123, 38.54945363]",12,17,19,16.0
496,"Lace House (Columbia, SC)","Building at 1210-1214 Main Street (Columbia, SC)","[-81.04407659335502, 34.00904355]","[-81.04072971667081, 34.017348818291495]",4,6,6,5.333333333333333
497,"Hotel Lafayette (Buffalo, NY)","US Post Office-Akron (Akron, NY)","[-78.87293133680211, 42.8848777]","[-78.49796198568782, 43.02028115]",15,11,13,13.0
498,"Cowles House (Macon, GA)","Emerson-Holmes Building (Macon, GA)","[-83.63421550067734, 32.842396353042204]","[-83.62721167346939, 32.837735061224485]",5,8,7,6.666666666666667
499,"Boxwood (Talladega, AL)","First Presbyterian Church (Jacksonville, AL)","[-86.07399799465895, 33.44498587426914]","[-85.76299095485312, 33.81422340270966]",11,15,18,14.666666666666666
